{"type":"FeatureCollection","crs":{"type":"name","properties":{"name":"EPSG:4326"}},"features":[{"type":"Feature","geometry":{"type":"Polygon","coordinates":[[[-122.149188148806,37.5458399443504],[-122.147308147928,37.5435399444146],[-122.141668146186,37.5366399444582],[-122.139788145998,37.5343409443705],[-122.137447144862,37.5314609448181],[-122.130427142938,37.5228209443528],[-122.128087142233,37.5199419440552],[-122.126843141993,37.5184239441817],[-122.123112141181,37.5138719439775],[-122.121869140671,37.512354944213],[-122.120976139864,37.5112629438703],[-122.118298139918,37.507989943531],[-122.117485138972,37.5069949439904],[-122.117406139542,37.5068989437963],[-122.117366139052,37.5068539439195],[-122.117333139694,37.5068159434959],[-122.117298139554,37.5067769437919],[-122.117253138939,37.5067259436789],[-122.117208139517,37.5066749435285],[-122.116727138585,37.5061049440119],[-122.116246138391,37.5055339438683],[-122.115692138748,37.5048769434112],[-122.111528137003,37.4999419431837],[-122.111144137135,37.4994859436059],[-122.110256136847,37.4984339433592],[-122.10994213729,37.4980619432362],[-122.109628137464,37.4976899432307],[-122.109587136905,37.4976419433469],[-122.104008135703,37.4937109432044],[-122.08711613137,37.4818099434752],[-122.081486130927,37.4778429437482],[-122.079062129851,37.4763139436362],[-122.071793127773,37.4717279441176],[-122.069370127359,37.4701999438731],[-122.069272127421,37.4701379441531],[-122.068978127724,37.4699529441831],[-122.068881127612,37.4698919444705],[-122.068760127186,37.4698149442452],[-122.068397127155,37.4695869445162],[-122.068277128015,37.4695109441139],[-122.067088126852,37.4687609440997],[-122.063521126962,37.466510944234],[-122.062333126635,37.4657609438731],[-122.061803126494,37.4654269446218],[-122.06021512617,37.4644249444968],[-122.059686125915,37.4640919445978],[-122.05973812477,37.4603989439366],[-122.05989612355,37.4493209427034],[-122.059949123516,37.4456289430399],[-122.059963123146,37.4452289424948],[-122.059991122955,37.4444279425566],[-122.060005123109,37.444026942264],[-122.060019123301,37.4436269425077],[-122.059952123324,37.4417099422266],[-122.059946123101,37.4415239421116],[-122.059873122475,37.4394209420611],[-122.059861122668,37.4390679425057],[-122.059780122527,37.4367519419958],[-122.059752122164,37.4359599416844],[-122.059700122404,37.4344359415211],[-122.059687122435,37.4340629414437],[-122.059686121984,37.4340439417161],[-122.059692122583,37.4335979421237],[-122.059698121954,37.4331519416243],[-122.059702121818,37.4328789417915],[-122.059710121718,37.4322469412906],[-122.05974012175,37.4301669416603],[-122.059777121603,37.4274539409819],[-122.059784121476,37.4268589412603],[-122.059785121768,37.4268439407069],[-122.058018121081,37.4266189410158],[-122.057381121491,37.4265539416461],[-122.057285120784,37.4265439412116],[-122.056253121093,37.4264929411376],[-122.05329112016,37.4263469415805],[-122.0509521204,37.4262309412573],[-122.049839120024,37.4261759414564],[-122.04918511925,37.4261439420664],[-122.047584119316,37.4264579415708],[-122.04672211971,37.4266279424291],[-122.043585119463,37.4272439423846],[-122.042771118382,37.4271679427144],[-122.0411481187,37.4270169424961],[-122.04113011873,37.4270149426585],[-122.041102118757,37.4270119424683],[-122.041077118176,37.4270099427799],[-122.041060118693,37.4270089425631],[-122.040431118644,37.4269519426622],[-122.040244118837,37.4269929422611],[-122.037318117896,37.4267219427549],[-122.037131117899,37.4266539430635],[-122.036118117695,37.4265629429896],[-122.035793117862,37.4265349426597],[-122.034883118187,37.4264509429158],[-122.034685117555,37.4264429429475],[-122.035093118026,37.4254949429434],[-122.035244117935,37.425138942512],[-122.036802116907,37.4214989424351],[-122.036887117109,37.4206129421521],[-122.03693711778,37.42010694181],[-122.037043117192,37.4190049418669],[-122.037103117263,37.4187449416549],[-122.037109117258,37.4185519424068],[-122.037123116639,37.4181849419786],[-122.037123116789,37.4178149423887],[-122.037123116449,37.4171739419917],[-122.037123116657,37.4168549421564],[-122.03712311701,37.4167149419179],[-122.037118116384,37.4159399417959],[-122.037113116233,37.4150249413175],[-122.037121116196,37.4136179418567],[-122.037123116389,37.4133649411354],[-122.037103116198,37.4128449414921],[-122.037105116579,37.4119059415955],[-122.037117115796,37.4110539410543],[-122.03715511554,37.408500941342],[-122.037169116426,37.4076499409125],[-122.037149115738,37.40731494141],[-122.037092115585,37.4063099409956],[-122.037073115864,37.4059749405195],[-122.037114115391,37.4059239409623],[-122.037146115013,37.4050779404885],[-122.037250115245,37.4023469403833],[-122.037268115065,37.4018949406802],[-122.037279115515,37.4016329407935],[-122.037283115754,37.4015249402902],[-122.037284115615,37.4014929402767],[-122.037286115429,37.4014369402529],[-122.037290115226,37.4014109409343],[-122.037303115637,37.4013349404916],[-122.037308115516,37.4013099408388],[-122.037321115289,37.4012299408503],[-122.037336115509,37.401140940292],[-122.037360115576,37.4009899408515],[-122.037374115328,37.4009109405199],[-122.037433115557,37.4009249405433],[-122.038963115111,37.401234940335],[-122.039212115372,37.4012949401677],[-122.040033115981,37.401494940264],[-122.041853115745,37.4018949404791],[-122.043263116429,37.4022249404415],[-122.044708116192,37.4025489401647],[-122.045443116058,37.4027149404047],[-122.046193116354,37.4028749398299],[-122.046547116489,37.402934939708],[-122.046570116684,37.4029389403028],[-122.046639117236,37.4029509402622],[-122.046663116538,37.4029549398819],[-122.046885116484,37.403010939789],[-122.046971117326,37.4027749403169],[-122.047416116789,37.4015569398651],[-122.046997116129,37.4014299394588],[-122.046489116436,37.4013179399091],[-122.046021116128,37.4012159402621],[-122.046426116721,37.4000939400305],[-122.046128116174,37.4000299401766],[-122.044992116096,37.3998269401715],[-122.045656116155,37.3977879399335],[-122.046112115689,37.3965039394477],[-122.046538116074,37.3953049393384],[-122.046613116422,37.3950969393021],[-122.046660116315,37.3949669395823],[-122.046554115394,37.3949379391723],[-122.046509115595,37.3949249396311],[-122.046462115494,37.3949119393252],[-122.046328116326,37.3948759394716],[-122.046272116136,37.3948589392776],[-122.046058115994,37.3947909393329],[-122.045574115983,37.3946339391194],[-122.045526116171,37.3946179395124],[-122.045250115703,37.3945339394325],[-122.044994115092,37.3944579393335],[-122.045014115177,37.3943929391224],[-122.045113115142,37.3941059397765],[-122.045181115796,37.3939109394405],[-122.045267115275,37.3936609391957],[-122.045364115418,37.3933199397273],[-122.045530115717,37.3927319388423],[-122.045602115652,37.3924799389519],[-122.045891115585,37.3916649391554],[-122.046276114909,37.3905349392894],[-122.046364115154,37.390270938905],[-122.046775114974,37.3890539387788],[-122.047319115192,37.3890889387727],[-122.047474115005,37.3890999385379],[-122.047433115522,37.3888749384844],[-122.047406115342,37.3887409384979],[-122.04739311534,37.3886749390265],[-122.047308115499,37.3883439391135],[-122.047275115368,37.3882129385866],[-122.047308114975,37.3881769388689],[-122.047409114844,37.3880699391407],[-122.047443115506,37.3880349389494],[-122.047473115298,37.3878849386366],[-122.047458114942,37.3877559386863],[-122.047364114586,37.3869149389823],[-122.047333114551,37.3866349383096],[-122.047363115498,37.3865749386566],[-122.047398115547,37.3865389387191],[-122.04745311508,37.3864849385928],[-122.047653114979,37.3863949381288],[-122.047703115484,37.3863759383618],[-122.047813115614,37.38633493891],[-122.047993115526,37.3862749386241],[-122.048653114774,37.3860749387706],[-122.049173115532,37.3859549386361],[-122.049693114949,37.3858749382568],[-122.050183114966,37.3858549386834],[-122.050603115919,37.3858549381716],[-122.051243115393,37.3859149379262],[-122.051373115936,37.3859349378118],[-122.051843115268,37.3860549377795],[-122.052193115265,37.3861549384922],[-122.052225115225,37.3860889383985],[-122.052283116038,37.3859749383496],[-122.052290115338,37.3859289383245],[-122.052315115778,37.3857939385087],[-122.052324115152,37.3857489378985],[-122.052413115965,37.3855649381811],[-122.052723116182,37.3846149378773],[-122.052741115832,37.3845619378088],[-122.053845115953,37.3847969383386],[-122.055714116025,37.3851949375127],[-122.0559241157,37.3852399380185],[-122.056944116104,37.3854569380675],[-122.056979116044,37.3853549381026],[-122.057099116858,37.3849989377339],[-122.057305116439,37.3843909376322],[-122.057838116154,37.3828559376186],[-122.057998116581,37.3823999378395],[-122.058204115974,37.3818109375476],[-122.058341116533,37.3814189372179],[-122.058878116373,37.3797709369732],[-122.059096115776,37.3791179373159],[-122.059538115658,37.3777869371813],[-122.060137115685,37.3759909366442],[-122.060289115553,37.3755209371591],[-122.060342115393,37.3753589367696],[-122.060152116232,37.3752849365561],[-122.060141115435,37.375279936727],[-122.0599981159,37.3752249362936],[-122.059570115292,37.3750609371011],[-122.05942811552,37.3750069363847],[-122.059357115556,37.3749789362933],[-122.059293115527,37.3749549371515],[-122.05915111507,37.3748869371131],[-122.059083115469,37.374854936714],[-122.058932115615,37.3747889365075],[-122.058763115765,37.3747149365984],[-122.058476115482,37.3746039364454],[-122.059387115714,37.3730669362698],[-122.059802114795,37.3723689363008],[-122.060361114751,37.3714619363028],[-122.061393115735,37.3697879361259],[-122.062113114944,37.3686169358945],[-122.062324115267,37.3682529361844],[-122.063272115057,37.3667279353333],[-122.063004115694,37.3663479361636],[-122.062632114947,37.3658039358211],[-122.062329115454,37.3650419357432],[-122.062006114347,37.3646209352182],[-122.061996114279,37.3642819352112],[-122.06217011475,37.3636119356118],[-122.062121115089,37.3628739359444],[-122.061615114439,37.362523935561],[-122.061847114999,37.3619139352427],[-122.061498114447,37.361140935447],[-122.061640114722,37.3607799351198],[-122.061721114263,37.3606699350765],[-122.061724114516,37.3606059354501],[-122.061726114276,37.3605729349635],[-122.061767113918,37.3604199356176],[-122.061829114623,37.3601559354959],[-122.061871113866,37.3600509355955],[-122.061909114271,37.3599749351772],[-122.061946114588,37.3599029354573],[-122.062036114303,37.3597979352317],[-122.062174113864,37.3596389350523],[-122.06230411415,37.3595129355835],[-122.06238711407,37.3594249355456],[-122.062470113936,37.3593099352134],[-122.062518114559,37.3591669352663],[-122.062552113982,37.3590299354983],[-122.062587113957,37.3589199348248],[-122.0625521141,37.3587879348555],[-122.062435114117,37.3586279346751],[-122.062365114328,37.3585599349183],[-122.062215114179,37.3584139352804],[-122.062015114349,37.3582109348789],[-122.061829113582,37.3580679351422],[-122.061630114527,37.3579249351123],[-122.061127113432,37.3576119347623],[-122.061052113591,37.3575349355077],[-122.060969114389,37.3574089348386],[-122.060935113655,37.3573039353673],[-122.060928114123,37.3570899351738],[-122.06092811396,37.356891934666],[-122.060969113267,37.3564689349532],[-122.061024113971,37.3563589351225],[-122.061148114218,37.3562049353985],[-122.061422113394,37.3560849348589],[-122.061561113975,37.3559559351441],[-122.061660113693,37.3558369350249],[-122.061683114131,37.3557249350155],[-122.061652113318,37.3554099347897],[-122.061596113155,37.3553419352787],[-122.061548113943,37.3553059344778],[-122.061417113133,37.3552109349996],[-122.061269113556,37.3551229348042],[-122.06123111352,37.3551009344863],[-122.060965114114,37.3549969345962],[-122.060745113901,37.3548119349166],[-122.060735113675,37.3547709349431],[-122.060783113017,37.3546499347857],[-122.060866114031,37.3545629344346],[-122.060997113457,37.3544579345791],[-122.061323113597,37.3542599352499],[-122.061375113224,37.3542269351631],[-122.06140311402,37.3542109345159],[-122.061428113924,37.3541899352224],[-122.061522113396,37.3541119346053],[-122.061570113242,37.354072934506],[-122.061617113048,37.3541669346945],[-122.061759113908,37.3544489349169],[-122.061798113735,37.3544089351516],[-122.061980113169,37.3542169344896],[-122.0623791132,37.3536409346593],[-122.062429113902,37.35354693446],[-122.062493114043,37.3535499348977],[-122.062686114133,37.3535319346334],[-122.062797113518,37.3534959345482],[-122.063060114016,37.3533129347568],[-122.063257114244,37.3531639345494],[-122.063473113638,37.3529249345406],[-122.063495113312,37.3528759346292],[-122.063491113795,37.3525899344246],[-122.063492113171,37.352510934558],[-122.063416114191,37.3523509341279],[-122.063352113926,37.3522169342684],[-122.063327113716,37.3521679341348],[-122.063259114111,37.352164934151],[-122.06309211335,37.3520589346413],[-122.062985113409,37.3519929347616],[-122.062900113975,37.3519399347136],[-122.06319911402,37.3515239343479],[-122.06321411336,37.3515029341927],[-122.063488112948,37.3511449342712],[-122.063595113722,37.3508719343225],[-122.063661113991,37.350693934516],[-122.063743113762,37.3504699341753],[-122.064078113612,37.3501649340542],[-122.064294113064,37.3499799346158],[-122.064270113662,37.3497919342853],[-122.064237113378,37.3495419344678],[-122.064202113752,37.3492799344612],[-122.064192113262,37.3492029346438],[-122.064455112889,37.3490759339773],[-122.064561113008,37.3490259341717],[-122.064709112898,37.3489559343803],[-122.064718113173,37.348906934547],[-122.064725113702,37.3488649338249],[-122.064757113433,37.3486849338888],[-122.064778113658,37.3485679342271],[-122.064803112892,37.3484549341346],[-122.064808113246,37.3483989338956],[-122.064760113392,37.3480389344705],[-122.064915112934,37.3478659344178],[-122.064980113505,37.3477829339117],[-122.064767113511,37.3476289335684],[-122.064589112834,37.3475009342223],[-122.064478113512,37.3474219336498],[-122.064275112732,37.3473309341027],[-122.06414411364,37.3472729338243],[-122.063890113357,37.3471619339247],[-122.063651113215,37.3469729336184],[-122.063624112664,37.3468799337838],[-122.063650113541,37.3467919337051],[-122.063658113118,37.3466789341179],[-122.063697113299,37.3466119341927],[-122.063883112635,37.3465289344245],[-122.064147112905,37.3464109337888],[-122.064328112763,37.34620993378],[-122.06417411342,37.3455979338313],[-122.064240113427,37.3452759339315],[-122.064174113257,37.3450979337758],[-122.064135112506,37.3449919338188],[-122.064145112387,37.3448239333894],[-122.064227112911,37.3447569340067],[-122.064428112375,37.3446369335728],[-122.064714112656,37.3445169341728],[-122.064738112607,37.3445019341866],[-122.064904113188,37.3444359337568],[-122.064910113071,37.3443959334916],[-122.06492011305,37.3443459336825],[-122.064936113491,37.3442489340461],[-122.064961112989,37.3441059335592],[-122.064998113206,37.3438879335888],[-122.065052113008,37.3437019336149],[-122.065205112617,37.3431549339269],[-122.064977112797,37.3426619332807],[-122.064852112219,37.3423919340004],[-122.064832112802,37.3420549337017],[-122.064808112093,37.3415819330662],[-122.064615112574,37.3415079335978],[-122.064333112181,37.3413949331656],[-122.064224112255,37.3413519339065],[-122.063889112006,37.3412179336128],[-122.063709112297,37.3403669337537],[-122.063487111887,37.3400319330974],[-122.063461112464,37.3399969331796],[-122.063331112104,37.33990493389],[-122.063085111746,37.3398419333439],[-122.062904112497,37.3397889334273],[-122.062589112096,37.3396979338005],[-122.06246911204,37.3395449338882],[-122.062748111569,37.3392079336343],[-122.062806112528,37.3391369336054],[-122.062821112182,37.3389769330815],[-122.06273411204,37.3388489333204],[-122.062615112238,37.3386729335162],[-122.062490111914,37.3385849336513],[-122.062395111843,37.3385179338123],[-122.062209111401,37.3383919331743],[-122.062153111786,37.3382659336798],[-122.062107112046,37.3381629335948],[-122.062070112112,37.3380799332132],[-122.062144112387,37.3379699335562],[-122.062200111954,37.3378879332959],[-122.062249112209,37.3378169336918],[-122.062287111454,37.3377589332177],[-122.06233111146,37.3376949333269],[-122.062366111563,37.3376439330192],[-122.062395112379,37.3376009332386],[-122.062413111567,37.3375449337775],[-122.062221111906,37.3375449336098],[-122.061645111842,37.3375449330683],[-122.061453112231,37.3375449334616],[-122.061320111768,37.3375449337198],[-122.060923111412,37.3375449331703],[-122.06079111149,37.3375449335207],[-122.060681111744,37.3375449336976],[-122.06035211189,37.3375449334268],[-122.060243111554,37.3375449339063],[-122.060218111901,37.3375439338707],[-122.060146111456,37.3375429334114],[-122.06012211138,37.33754293374],[-122.060046110946,37.3375409334458],[-122.059818111008,37.337535933727],[-122.059743111289,37.337534933607],[-122.059727111977,37.3375349331599],[-122.059679111828,37.3375349336434],[-122.059664111926,37.3375349339005],[-122.059597110893,37.3375349336117],[-122.059599111372,37.3379339334755],[-122.059620111488,37.3383309338288],[-122.059534111104,37.3383319332939],[-122.059263111002,37.3383349338156],[-122.059203111634,37.3382349335156],[-122.059143110917,37.338174933827],[-122.058973111794,37.3380849333342],[-122.058363111814,37.3379049336437],[-122.058194111734,37.3378709336469],[-122.05811311092,37.3378549339561],[-122.057973111729,37.337774933216],[-122.057953110708,37.3377149337269],[-122.057913110784,37.3376249340343],[-122.057903111577,37.3375249338704],[-122.057893111046,37.3374549339602],[-122.057903111285,37.3370889339589],[-122.057909110812,37.3369379338181],[-122.05791011144,37.3369229339569],[-122.057913111095,37.3369019338799],[-122.057916111019,37.3368829331541],[-122.057922110931,37.3368529336234],[-122.057939110762,37.3368069336365],[-122.057948110776,37.3367829334208],[-122.057980111582,37.3367299338192],[-122.058010110938,37.3366899340128],[-122.058034111614,37.3366649331468],[-122.058061111575,37.3366399335359],[-122.058080111004,37.3366239334023],[-122.058131111362,37.3365879337894],[-122.058195110648,37.3365539338227],[-122.058347111056,37.33647093321],[-122.058511111645,37.3363809332937],[-122.058580111162,37.3363489333262],[-122.058563111276,37.3360939331047],[-122.058421111113,37.3358599333768],[-122.058360111094,37.3355109337986],[-122.058313111239,37.3352349332785],[-122.057993111293,37.3349919329929],[-122.057943111006,37.3349549333818],[-122.0575431111,37.3346149336807],[-122.057296110755,37.3344149333818],[-122.05733611121,37.3344019331304],[-122.057344110574,37.3341359336228],[-122.057351110798,37.3338719336223],[-122.057360110813,37.3334669336166],[-122.057359111102,37.3334309336716],[-122.057360110146,37.3332709336784],[-122.057367110358,37.3325429334523],[-122.057370110428,37.3323259333854],[-122.057369110373,37.3323039334386],[-122.05736811069,37.3321519329794],[-122.057403110541,37.3321349330717],[-122.057371110977,37.3321109330176],[-122.057376110923,37.3316129328952],[-122.057342110761,37.3316059331404],[-122.056923110269,37.3315149331912],[-122.056751109908,37.3314689330588],[-122.056323109848,37.3313549336778],[-122.05606611047,37.3312629330136],[-122.055793109727,37.3311649328171],[-122.055373110282,37.330984932866],[-122.054933110094,37.3307849329936],[-122.054623109778,37.3306249334888],[-122.054142109463,37.3303239336781],[-122.054063109821,37.3302749335659],[-122.054003109741,37.3302309334269],[-122.053704109945,37.3302329335518],[-122.053612109514,37.3302339333931],[-122.053376109179,37.330234933582],[-122.052767109238,37.3302359333549],[-122.052771109713,37.3304449338364],[-122.052772109133,37.3305219331919],[-122.052774109219,37.3307219332531],[-122.052693109921,37.3307279336922],[-122.052599109675,37.330735933461],[-122.052491110028,37.3307419330298],[-122.052501109692,37.3308189338276],[-122.052508110051,37.3309239332014],[-122.0525051095,37.3310129337333],[-122.052498109454,37.3311019339091],[-122.052481109906,37.3311959338458],[-122.052666109662,37.3312029337586],[-122.052721110044,37.3312049335012],[-122.052760110156,37.3312059330972],[-122.052765109517,37.3318599339346],[-122.052465110131,37.3318689332121],[-122.052411110009,37.3318709337109],[-122.052129109673,37.3318819335335],[-122.051880109396,37.3321089332918],[-122.051027109385,37.332776933299],[-122.051030109711,37.3329299338898],[-122.051037109126,37.3332899337081],[-122.051041109689,37.3335029336679],[-122.051044110159,37.3336579335923],[-122.05104711007,37.3338449339798],[-122.051013109378,37.3341179337165],[-122.050885109754,37.3354899343762],[-122.050842110353,37.3354959341467],[-122.050838109714,37.3359099338977],[-122.050839109969,37.3361099338475],[-122.050831109791,37.3361869342177],[-122.050819109395,37.3363009339073],[-122.050788109948,37.3364459339791],[-122.050738110238,37.3365999343565],[-122.050683109665,37.3367229336673],[-122.050640110224,37.3368149343065],[-122.050551110234,37.3369669336735],[-122.050547110384,37.3374589341069],[-122.050547109802,37.3375449341594],[-122.050260109929,37.337544934235],[-122.050073110022,37.3375449345955],[-122.04994311032,37.3375449343852],[-122.049283110092,37.3375449341353],[-122.046913108946,37.3375449346349],[-122.046123109602,37.3375449348027],[-122.045839109309,37.337544934781],[-122.045273109805,37.3375449343345],[-122.044988108984,37.337547934993],[-122.044880109488,37.3375489344981],[-122.044878109488,37.3374749344103],[-122.044875108652,37.3373349342719],[-122.044869109457,37.3370879349131],[-122.044869109458,37.3370109347491],[-122.044869109379,37.3367449348311],[-122.044853109215,37.3354849341945],[-122.044863109128,37.3349649340816],[-122.044855108642,37.3348129345458],[-122.044841108995,37.3343849341587],[-122.044840108461,37.3343109339695],[-122.044839108897,37.3342049342525],[-122.044838108218,37.3339469343999],[-122.04465510911,37.3339479338738],[-122.044410109133,37.3339489347327],[-122.04428710902,37.3339459343464],[-122.044099108961,37.3339409343753],[-122.043954108767,37.3339369345506],[-122.043707108207,37.3339309345802],[-122.043707109089,37.3340119343482],[-122.043708108636,37.3342089341822],[-122.043710108487,37.334384934465],[-122.043712109225,37.3346169345275],[-122.043712108771,37.3348539340045],[-122.043712108532,37.3350869347685],[-122.043713109123,37.3354129349087],[-122.043713109366,37.3358619347015],[-122.043713108405,37.3361359347041],[-122.043720108623,37.3374749350919],[-122.04372110877,37.3375589346857],[-122.043303109049,37.3375629348128],[-122.043133109029,37.3375649343083],[-122.042883108404,37.3375649351517],[-122.042810109011,37.3375649347276],[-122.042143108786,37.3375749343366],[-122.041845108173,37.337574934494],[-122.041523108726,37.3375749349647],[-122.041363108389,37.3375749348407],[-122.041173108204,37.3375769351083],[-122.040503108802,37.3375849352905],[-122.040315108669,37.3375849347677],[-122.040123108755,37.3375849349766],[-122.039773108458,37.3375849352532],[-122.039585108458,37.3375839348021],[-122.039021108584,37.3375809352661],[-122.038833108653,37.3375799354269],[-122.038415108558,37.3375779347581],[-122.03776310865,37.3375749353852],[-122.037161108324,37.3375749355687],[-122.036743108204,37.3375749355788],[-122.036755107572,37.3379219354283],[-122.036783107676,37.3387149350302],[-122.036783108455,37.338965935671],[-122.036783108269,37.3393149357384],[-122.036768108041,37.3394309356371],[-122.035023108228,37.3394339351415],[-122.033328107627,37.3394439359209],[-122.032765108034,37.339445935504],[-122.032406107409,37.3394509354841],[-122.032404107038,37.3392149355158],[-122.032403107886,37.3391149359011],[-122.032403106998,37.3389219353772],[-122.032403107374,37.3383159353778],[-122.032403107003,37.3382249355477],[-122.032191106952,37.3382289353916],[-122.031886107668,37.3382339356851],[-122.030446106631,37.3382549354556],[-122.030449107343,37.3382229353039],[-122.030450107158,37.3381339358005],[-122.030452107166,37.3377489354922],[-122.030450107312,37.337635935616],[-122.030404107296,37.3376359351934],[-122.030136106905,37.3376409355529],[-122.02918010693,37.3376579360904],[-122.028863106651,37.3376649354316],[-122.028635106447,37.3376699357585],[-122.028433107197,37.337674935527],[-122.027951107099,37.3376749355863],[-122.027723107001,37.3376749358095],[-122.027347106273,37.337674935518],[-122.026804106497,37.337674936288],[-122.026221106471,37.3376749357474],[-122.025883106256,37.3376749357976],[-122.025846106405,37.3376749361892],[-122.025830106055,37.3376749357054],[-122.025782106183,37.3376749360207],[-122.025767106083,37.3376759361818],[-122.025650106519,37.3376769363541],[-122.025303106192,37.3376809362449],[-122.025187105703,37.3376829357397],[-122.025158106577,37.3376829357436],[-122.025071106662,37.3376839363263],[-122.025043106623,37.3376849360813],[-122.02469110597,37.3376889364254],[-122.024313105976,37.3376949360688],[-122.023635105775,37.3376949358621],[-122.02328310637,37.3376949360419],[-122.023102105796,37.3376949361073],[-122.022561105312,37.3376979365699],[-122.022484106318,37.3376979358203],[-122.022381106067,37.337698936201],[-122.022241106289,37.337698936089],[-122.022159105881,37.3376989363675],[-122.022158106118,37.3376179360068],[-122.022155105377,37.3375539361099],[-122.02215210612,37.3372049358322],[-122.022150105352,37.3370879364549],[-122.021904105435,37.3370899362842],[-122.021634105791,37.3370919362739],[-122.021637105438,37.3373589366213],[-122.021640105634,37.3376209359007],[-122.021647106012,37.3377009364088],[-122.021301106092,37.3377019365403],[-122.020773105587,37.337704935903],[-122.020158105907,37.3377069359652],[-122.019777105776,37.3377089365258],[-122.019634105651,37.3377089365414],[-122.019632105306,37.3376449367503],[-122.019631105347,37.3375719364696],[-122.019629104933,37.3372689365652],[-122.019628105507,37.3371199362172],[-122.019781105076,37.3371199366756],[-122.020024104993,37.3371169366585],[-122.020025105785,37.3369459366405],[-122.020005104706,37.3335319362681],[-122.020004105284,37.3333589356434],[-122.020004104785,37.3333099356295],[-122.020005104714,37.3329209363813],[-122.019500104454,37.3329259358021],[-122.019117104605,37.332928935849],[-122.018651105002,37.332933936297],[-122.017742104068,37.3329429365185],[-122.017214103979,37.3329469365285],[-122.016698104058,37.3329499364758],[-122.016461104898,37.3329519366389],[-122.016465104763,37.3330569358555],[-122.016468104237,37.3331479359451],[-122.016469103915,37.3331749361802],[-122.016472104797,37.3332569365226],[-122.016473104063,37.3332849364333],[-122.016470104144,37.3336379361062],[-122.016463104202,37.3344849362362],[-122.016463105112,37.3346999361219],[-122.016463104605,37.3350549364526],[-122.01646010445,37.3352439363538],[-122.016454104156,37.335813936419],[-122.016453105265,37.3360049368417],[-122.016453104935,37.3361449363507],[-122.016453105123,37.3365649366381],[-122.016453104792,37.3367049361343],[-122.016453105229,37.3369099365641],[-122.016453104713,37.3373149363848],[-122.016446105188,37.3375249366755],[-122.016443105108,37.3376549362646],[-122.01644610519,37.3377309367531],[-122.015991104384,37.3377329363216],[-122.015573104565,37.3377349369439],[-122.01462710475,37.3377419363319],[-122.014323104338,37.3377449366248],[-122.01417310412,37.3377449368983],[-122.014020104183,37.3377459369876],[-122.013561104621,37.3377509372068],[-122.013361104495,37.3377539367497],[-122.013243104463,37.3377549371444],[-122.013201104359,37.3377549371478],[-122.012580104078,37.3377549371837],[-122.012373103984,37.3377549364762],[-122.011211103555,37.3376729372691],[-122.010821103835,37.337712936931],[-122.009103103857,37.3376949372562],[-122.008347103352,37.337694937557],[-122.007483103069,37.3377509369904],[-122.007113103091,37.337774937332],[-122.006767103156,37.3377749369631],[-122.005728103048,37.337774937674],[-122.005383103728,37.3377749371296],[-122.004817102625,37.3377819373696],[-122.00313310285,37.3378049376968],[-122.003119102453,37.337804937417],[-122.002553103062,37.3378049373046],[-122.002399102737,37.3378059374836],[-122.002398102662,37.3377059373837],[-122.002398103206,37.3376229372637],[-122.002401102969,37.3374159372191],[-122.00241310295,37.3366949371451],[-122.002403102472,37.3364449378762],[-122.002433102908,37.3359649377558],[-122.002433102342,37.3359009375745],[-122.002433102223,37.3358629376878],[-122.002434102827,37.3356029376263],[-122.002435101957,37.3351849373146],[-122.002435102649,37.3348609376376],[-122.002436102294,37.3344439369316],[-122.002437102685,37.3340849374998],[-122.003095102074,37.3340829368854],[-122.003682102012,37.3340819372929],[-122.004215102417,37.3340799368932],[-122.004583102187,37.3340779373833],[-122.004669102999,37.3340749367902],[-122.004680102355,37.3328119371449],[-122.004681102234,37.3326339373706],[-122.004681102647,37.3325889370697],[-122.004683102278,37.3323779368596],[-122.004685102333,37.3322989367256],[-122.004685102086,37.3322189373022],[-122.004689102992,37.3319669368514],[-122.00470510208,37.3305379366702],[-122.004706102107,37.3304279366743],[-122.004718102708,37.3295519363437],[-122.004733101825,37.3284949366246],[-122.004746102017,37.3275749365019],[-122.004745101378,37.3259719364153],[-122.004740101863,37.3256899361151],[-122.004731101703,37.3254449359739],[-122.004725102322,37.3252589367926],[-122.004723101492,37.3246229360483],[-122.004721101237,37.3232109363207],[-122.004718101539,37.3230919363261],[-122.004588101504,37.3230929361998],[-122.004093101417,37.3230949361957],[-122.003543100988,37.3230849358421],[-122.00338610095,37.3230829361846],[-122.003383100936,37.3229349359267],[-122.00338310135,37.3228659363368],[-122.003381100917,37.3220479365228],[-122.003381101064,37.3219969363515],[-122.003380100762,37.3219169365425],[-122.003380101318,37.3218769363117],[-122.003317101201,37.3219009363986],[-122.003270101471,37.3219169362676],[-122.003106101106,37.3219199363168],[-122.002902100585,37.3219199360078],[-122.002896100538,37.3212549364451],[-122.002890100409,37.3206809363114],[-122.002821100909,37.3200569362163],[-122.002813100543,37.320049936335],[-122.002679100744,37.3201459357812],[-122.002497100655,37.3202689361323],[-122.00214610053,37.3204459364358],[-122.001733100475,37.3206039359974],[-122.001380100979,37.3206839359194],[-122.001014100366,37.3207659366458],[-122.000865100915,37.3207969359011],[-122.000475100863,37.3208779363434],[-122.000426100949,37.3208879364987],[-122.000309100426,37.3209129366464],[-122.000230100535,37.320928936596],[-121.999966100131,37.3210069360546],[-121.999875100522,37.3210329360295],[-121.999875100367,37.321072936228],[-121.999771100115,37.3210739360317],[-121.999429100354,37.3210759359693],[-121.999428100903,37.3209189365875],[-121.999426100592,37.3207789366562],[-121.999425100526,37.3206819362193],[-121.998414100756,37.3206879367016],[-121.997883100415,37.3206909364286],[-121.997249099551,37.3206949362225],[-121.996530100109,37.3206979364979],[-121.996409100282,37.3206919364017],[-121.995968099699,37.3204879362868],[-121.995903099752,37.3204509368023],[-121.995876099637,37.3204299365736],[-121.995853099982,37.3204149365701],[-121.995846099794,37.3199329365031],[-121.995908099815,37.3198229363033],[-121.996010100252,37.3196579362268],[-121.99601509987,37.3195369368183],[-121.996017099708,37.3193609367285],[-121.995998099972,37.3192779364449],[-121.995950100257,37.3190669367256],[-121.995935099682,37.3190019362828],[-121.995950099509,37.3189579361493],[-121.995968100111,37.3189039367317],[-121.995993099981,37.3188319366518],[-121.996083099284,37.3187069362573],[-121.996119099425,37.3186719364757],[-121.996170099259,37.3186229364271],[-121.996233100009,37.3185619362109],[-121.99627809979,37.3185189366283],[-121.996362099489,37.3184369367941],[-121.996439099765,37.3183629364179],[-121.996486099314,37.3183459359589],[-121.996642099361,37.3182899365253],[-121.996798099632,37.3182349365464],[-121.996886099425,37.3180799367197],[-121.996852099339,37.3179569359748],[-121.99680809917,37.3177949359355],[-121.996663099861,37.3176949362107],[-121.996527099106,37.3176009363988],[-121.996470100041,37.31746093633],[-121.996453099349,37.3171779367098],[-121.996313099101,37.3169659359003],[-121.996185099809,37.3167729361695],[-121.996143099369,37.3167089363511],[-121.996081099633,37.316566936017],[-121.995976099783,37.3163259362808],[-121.995960099432,37.3161259362899],[-121.995933099418,37.3158069362006],[-121.996085099331,37.315332936449],[-121.99612709932,37.3152039365607],[-121.996231099431,37.3149579357435],[-121.996250099805,37.3149129362701],[-121.996240099458,37.3148449357735],[-121.996216099708,37.3146779356406],[-121.996207098787,37.3146179364207],[-121.996204099213,37.3145979357684],[-121.996303098734,37.3144589363493],[-121.996386099556,37.3143429356129],[-121.996496099804,37.3141899361724],[-121.99657409958,37.3140799361741],[-121.996592098809,37.3139039357326],[-121.996609099409,37.3137339356392],[-121.996556098824,37.3136099360854],[-121.99649609901,37.3134729358175],[-121.996443099244,37.3133499358684],[-121.996409099605,37.3132709356279],[-121.996412099379,37.3131509359614],[-121.996423099419,37.3127229358633],[-121.996429098715,37.3124949361243],[-121.996341099144,37.3124209362638],[-121.996211099098,37.3123119359127],[-121.99597009933,37.3121099357898],[-121.995968098927,37.3120299355877],[-121.99596409926,37.3118499354989],[-121.995958098573,37.311610935438],[-121.995957098972,37.3113949356771],[-121.995960098519,37.3113379357941],[-121.995964098859,37.3112399354328],[-121.9959660987,37.3112039354436],[-121.995972098679,37.3110969360348],[-121.995980098929,37.3109949356237],[-121.995984098599,37.3109479354478],[-121.995986098892,37.3109279355409],[-121.995990098798,37.3108939355476],[-121.995998098831,37.3108189360781],[-121.996002098717,37.3107799359426],[-121.996014098379,37.3106779359577],[-121.996054098782,37.3105609358013],[-121.996076098546,37.3104959358409],[-121.996128098386,37.3103419356995],[-121.996198099301,37.3101379355226],[-121.99622309899,37.3100649355685],[-121.996270098272,37.3099249353651],[-121.996279099224,37.3099019360339],[-121.996288099074,37.3098889361055],[-121.996297098688,37.3098779355175],[-121.996314099205,37.3098639358369],[-121.996323098394,37.3098569357279],[-121.996333098628,37.3098519352662],[-121.996345098709,37.3098459357941],[-121.996363098929,37.3098409352565],[-121.996290098729,37.3097639359038],[-121.996242098612,37.3097139357887],[-121.99620009873,37.3096699356392],[-121.996350098723,37.309688935474],[-121.996501098446,37.309701935641],[-121.996642099105,37.3097149359439],[-121.997053098888,37.3097449359061],[-121.99750309881,37.309774935184],[-121.998103098719,37.3098449351514],[-121.999255099452,37.3099569351378],[-121.999363098943,37.309974935865],[-121.999998099872,37.3100389353028],[-122.002933099359,37.3103349353513],[-122.004579100259,37.3104779348303],[-122.005862100046,37.3105899348109],[-122.007533100637,37.3107749346217],[-122.007713100312,37.3107749353118],[-122.007793100809,37.3107739353495],[-122.008163100669,37.3107649346171],[-122.008613101021,37.310714934575],[-122.010403101036,37.3106149345657],[-122.010503100898,37.3106049345522],[-122.011933101429,37.310514934777],[-122.012443101496,37.3104849344701],[-122.013503100949,37.3104149343497],[-122.013636101809,37.3104049341543],[-122.013771101137,37.3103939345272],[-122.014835102021,37.3103089344187],[-122.015613102222,37.3102479344225],[-122.015623101221,37.3102349340589],[-122.017083102114,37.3101349344481],[-122.017763102417,37.3100949343249],[-122.01831310167,37.3100649345277],[-122.0198831023,37.3099249337831],[-122.020148102323,37.3098469341452],[-122.020201102528,37.3098299338789],[-122.020254102004,37.3098149338486],[-122.020386102552,37.3097749339383],[-122.020423102394,37.3097649337718],[-122.020904102545,37.3095969338919],[-122.020935102068,37.3095849334886],[-122.021023102367,37.3095549341392],[-122.021123103048,37.3095449341417],[-122.021293102363,37.3095149336293],[-122.021502102891,37.3095039339278],[-122.021723102153,37.3095049340525],[-122.022062102909,37.309544933443],[-122.023193102648,37.3098749341252],[-122.023639103217,37.3099999339636],[-122.024123103438,37.3101349334249],[-122.024723103007,37.3103149340244],[-122.024932102636,37.310374934061],[-122.025283102806,37.3104749338322],[-122.025503102802,37.3105349338126],[-122.025713103574,37.3105959340357],[-122.026053103274,37.3106949337002],[-122.026313103145,37.3107749333595],[-122.026493103476,37.3108249334995],[-122.026643103759,37.3108749338537],[-122.027623103171,37.311154934004],[-122.028113104289,37.3113049336752],[-122.02889310331,37.3115249331707],[-122.029803104523,37.3117849334892],[-122.030053103817,37.3118549332719],[-122.030350103786,37.3119459331545],[-122.030673103971,37.3120449334651],[-122.031343104272,37.3122439338127],[-122.031583104581,37.3123039333004],[-122.031813104556,37.3123139329041],[-122.032028104317,37.3123119337182],[-122.032082104227,37.3122989331924],[-122.032252104885,37.3122449329258],[-122.032282104557,37.3122339337072],[-122.032484104466,37.3122469329831],[-122.032646104034,37.3122009329724],[-122.032742104922,37.3121919336299],[-122.033603104345,37.3121939335941],[-122.033797104734,37.3122099331381],[-122.033973105195,37.3122399330088],[-122.034191104329,37.3122899329446],[-122.03429710478,37.3123139334925],[-122.03433610502,37.3123209334121],[-122.034331104484,37.3113699330259],[-122.034331104162,37.3104899329922],[-122.034331104112,37.3101829331647],[-122.034331105091,37.3100769331859],[-122.034254104508,37.3100249330508],[-122.034212104576,37.309993932738],[-122.034138104563,37.3099159328492],[-122.034093104226,37.3098329330661],[-122.034074104374,37.3097699333973],[-122.03407110501,37.309730933349],[-122.034071104821,37.3096599328841],[-122.033872104932,37.3096609328256],[-122.033672103949,37.3096609327613],[-122.033656104206,37.309379933296],[-122.033108103965,37.3093809325966],[-122.033107104419,37.3087559329026],[-122.033106103592,37.3083329327275],[-122.033104103715,37.3082639333711],[-122.033104104221,37.3082489328069],[-122.032952104075,37.3082489324945],[-122.032950104491,37.3077269327219],[-122.033036103541,37.3077269326591],[-122.033034103538,37.3061549323688],[-122.033379104183,37.3061539325427],[-122.033378104082,37.3060669326871],[-122.033376103309,37.3049389327503],[-122.034321103411,37.3049379328939],[-122.034320103734,37.304167932447],[-122.03432010355,37.3038019323786],[-122.035012103496,37.3038029319657],[-122.035156103857,37.3037919321227],[-122.033969103303,37.3028659324658],[-122.0335831039,37.3025649327809],[-122.033171103737,37.3022719324725],[-122.03308910373,37.302201931961],[-122.033085103125,37.3021799326812],[-122.033084103957,37.3018769320768],[-122.032827103125,37.3018769326072],[-122.032707103642,37.301876932828],[-122.032708103599,37.3019899324704],[-122.032621103784,37.3019629320924],[-122.032573103175,37.3019669324572],[-122.03254110322,37.3019769321207],[-122.032496103547,37.3020059325557],[-122.032485103183,37.3020169323676],[-122.032460103515,37.3020619325938],[-122.032406103325,37.3020619322317],[-122.032257102987,37.3020639324746],[-122.032258103666,37.3017389327503],[-122.032262103649,37.3011879320503],[-122.032262102983,37.3010189324623],[-122.03226310278,37.3008649325582],[-122.032271102733,37.3005039319334],[-122.032274102648,37.3003839319217],[-122.032289102742,37.2996769320292],[-122.032264102869,37.2983639323924],[-122.032264102911,37.2983119320051],[-122.032265102433,37.298164932482],[-122.032266102323,37.2977859318985],[-122.032267102762,37.2975249320716],[-122.032269102343,37.2970899323607],[-122.032269102662,37.2961279316585],[-122.032272102864,37.2960229321314],[-122.032272102247,37.2956119317585],[-122.032274102533,37.2950809320879],[-122.032278102464,37.2949479316511],[-122.032279102107,37.2943799320712],[-122.032280102788,37.2941459315235],[-122.032277102523,37.2939699320938],[-122.032256102448,37.2939769320676],[-122.032133102783,37.2940079318171],[-122.032119102323,37.2940089320656],[-122.031712102089,37.2940609318235],[-122.031633102184,37.2940619319879],[-122.031470102045,37.2940669319541],[-122.031432101878,37.294067931401],[-122.031215102407,37.2940639322597],[-122.03119610242,37.2940639316528],[-122.030701102754,37.2940559317371],[-122.030328102098,37.2940499321971],[-122.030262102305,37.2940469323442],[-122.030083102209,37.2940409315032],[-122.02934810169,37.2940149323943],[-122.029104101796,37.2940069321152],[-122.028756101742,37.2939429322249],[-122.02804910233,37.2938939321618],[-122.025991101088,37.2938739320046],[-122.025808101072,37.2938719321542],[-122.025648101824,37.2938779321424],[-122.024661101772,37.2938539320204],[-122.02366310105,37.2938299325884],[-122.022578101487,37.2937879323416],[-122.022165101106,37.2938519326653],[-122.020912100848,37.2937979325954],[-122.020495100853,37.2937809330038],[-122.020084100661,37.2937639327098],[-122.018853100178,37.2937129326007],[-122.018443100829,37.2936959330738],[-122.018315100605,37.2936899324489],[-122.017933099965,37.2936749326645],[-122.017806100532,37.2936699330993],[-122.017425100455,37.2936539330468],[-122.017113099807,37.2936419327778],[-122.016285099445,37.2936129328032],[-122.015905099522,37.2936009330527],[-122.014970099712,37.2935699325767],[-122.013055099723,37.2935049329233],[-122.011727098851,37.2934619332517],[-122.01151609909,37.2934559333709],[-122.011110098686,37.2934459332644],[-122.010886098697,37.2934379330139],[-122.010677098957,37.2934319329527],[-122.009894099047,37.2934119335433],[-122.009589098739,37.2934059329042],[-122.008655098246,37.2933819330473],[-122.008285099151,37.293363932962],[-122.008096098671,37.2933509333549],[-122.007865098834,37.2933429330447],[-122.007713098203,37.2933749337873],[-122.007643098316,37.2941349335604],[-122.007730098194,37.2942369337619],[-122.007721099112,37.2942449335736],[-122.007623098404,37.294374933464],[-122.007581099155,37.2946979335868],[-122.007513099055,37.295224933989],[-122.007460098587,37.2956699339465],[-122.007423098915,37.295994933529],[-122.007425099248,37.2960629333798],[-122.0074320986,37.2962679337607],[-122.007433098541,37.2962959338482],[-122.007435098385,37.2963369335231],[-122.00742309911,37.2964159337191],[-122.005555099147,37.2963369340064],[-122.004869098773,37.2963099336751],[-122.00468209838,37.2963029342817],[-122.004337098297,37.2962879343215],[-122.004028098128,37.2962729337583],[-122.003495098827,37.2962519336418],[-122.002391097862,37.2957909343863],[-122.001804097952,37.2955689337241],[-122.001881097644,37.2954369336707],[-122.002005097865,37.2953109338388],[-122.002177097767,37.2951729339661],[-122.00233009763,37.2950909336697],[-122.002349097497,37.295079934394],[-122.002487098115,37.2949649342632],[-122.00260409784,37.2948489339867],[-122.002651098254,37.2947899336928],[-122.002783097551,37.2946299337186],[-122.002851098346,37.2944809342789],[-122.002886098441,37.2943439336733],[-122.002900097881,37.2938879336908],[-122.002942097482,37.2937619340448],[-122.003017098014,37.293629933497],[-122.003059098319,37.2935699337965],[-122.003107098215,37.2935039340564],[-122.00319609837,37.2933659336985],[-122.003293098541,37.2932399341709],[-122.003319098008,37.2932139334023],[-122.003344097576,37.2931879341598],[-122.00341009831,37.2931249335732],[-122.003421098175,37.2931119335433],[-122.00344609765,37.2930859333795],[-122.003234098072,37.2930639337088],[-122.003057097973,37.2930459336556],[-122.003038097826,37.2930449333878],[-122.002601098348,37.2929909337661],[-122.002390097622,37.2929659338733],[-122.002276097445,37.2929439341075],[-122.002103097611,37.2929239334928],[-122.001240097489,37.2928259337967],[-122.001104097747,37.2928109342805],[-122.000954098048,37.2927849342105],[-122.000871097873,37.2927819339442],[-122.000409097948,37.2927319340557],[-122.000272098014,37.2927179338795],[-121.998951097187,37.2925659341861],[-121.99877909688,37.2925459335785],[-121.998505097005,37.2925149339212],[-121.998235097322,37.2924939342879],[-121.9977870969,37.2924589344842],[-121.997539097201,37.2924149341961],[-121.997365096742,37.29239493453],[-121.996311096929,37.292274934227],[-121.994917096499,37.2921159342828],[-121.994729096159,37.2920949345016],[-121.994203096112,37.2920359342714],[-121.993991096516,37.2920129338571],[-121.99390409615,37.2920029341794],[-121.994067096193,37.2910749344756],[-121.996000097131,37.2912939344716],[-121.996029096555,37.2911399342177],[-121.996087096126,37.2908069337628],[-121.99598909642,37.2907309338864],[-121.995486096123,37.2903419338069],[-121.995129096315,37.2900649338609],[-121.995213096362,37.290003934222],[-121.995725096562,37.2894779344035],[-121.996154096533,37.289043933585],[-121.996270096141,37.2889289342707],[-121.995272096044,37.2888039336249],[-121.995309095792,37.2887869335083],[-121.996198095983,37.2879869334334],[-121.996244095961,37.2879449342224],[-121.996362096764,37.2878249334319],[-121.996271096212,37.2877539335464],[-121.996249096571,37.2877399336957],[-121.996227095809,37.2877259338599],[-121.995824096278,37.2874699340167],[-121.995406096056,37.2874749341533],[-121.994448095579,37.2874879336038],[-121.99445109633,37.2874489338991],[-121.99446309581,37.2873319340468],[-121.994475095935,37.2872139336075],[-121.994476096248,37.2872019342759],[-121.994476096357,37.2871839338764],[-121.99447809636,37.2870959337084],[-121.994479096074,37.2870669336605],[-121.99448409559,37.2864099338367],[-121.994486096029,37.286202933948],[-121.994490095294,37.2859549337831],[-121.994482096144,37.2856769339459],[-121.994480096296,37.2855459338833],[-121.994481095897,37.2855219339909],[-121.994507096137,37.2851839338024],[-121.994506095178,37.2851239333317],[-121.994505095888,37.2850599332423],[-121.994505096222,37.2849589339139],[-121.994502095308,37.284905934071],[-121.994495095168,37.2847199332138],[-121.994488095541,37.2845819337255],[-121.994475095762,37.2842789340251],[-121.994474096135,37.2842689333543],[-121.994466096013,37.2842179338448],[-121.994437095099,37.2840299333847],[-121.994422095162,37.2838609332212],[-121.994414095367,37.2836169338661],[-121.994405095602,37.2832939339117],[-121.994399094975,37.2831299333501],[-121.994383095977,37.2826399334115],[-121.994378095683,37.2824769337371],[-121.994372095336,37.2822949336339],[-121.994356095128,37.2817489330531],[-121.994351095112,37.2815679338327],[-121.994324095477,37.2807199336358],[-121.994326095275,37.280662933142],[-121.9943290957,37.2806079332223],[-121.994326094703,37.2805409334139],[-121.989712094052,37.280641933411],[-121.989707094718,37.2805639336774],[-121.989703094676,37.2804969334271],[-121.989691094233,37.2802979338208],[-121.989688094336,37.2802319336148],[-121.989652093827,37.2793879337432],[-121.989621094168,37.2786459337232],[-121.989596094156,37.2784799336247],[-121.989558094214,37.2782179330265],[-121.989560093909,37.2779819336408],[-121.989563093802,37.2778149336373],[-121.989493093552,37.2770049337037],[-121.989538094305,37.2768249331041],[-121.989510094431,37.2762359333515],[-121.992427094322,37.2761559328203],[-121.992827094028,37.2761459329243],[-121.992949094905,37.2761429333755],[-121.993118094661,37.2761339331411],[-121.993991095096,37.2760929329667],[-121.994163094165,37.2760849328513],[-121.994218094198,37.2760849325924],[-121.994283094564,37.2760849329842],[-121.994231094439,37.2760579331909],[-121.994211094993,37.2755289332041],[-121.994208094382,37.2754279327076],[-121.994135094497,37.2739679325937],[-121.994114094767,37.2737699323305],[-121.994113093918,37.2737539327142],[-121.994085094465,37.273600932514],[-121.994043093841,37.2734839329528],[-121.993997094437,37.2733769323414],[-121.993959093843,37.2732069324597],[-121.993905093869,37.2729079330852],[-121.993866094232,37.2726159329081],[-121.993815094432,37.2719769325984],[-121.993792093589,37.2715499322422],[-121.99377409405,37.2713939327202],[-121.993757094196,37.2712459327379],[-121.993742093928,37.2711119324887],[-121.993680094313,37.2705789324646],[-121.993677094529,37.2705419326617],[-121.993674094322,37.270495932191],[-121.99243609317,37.2699159321775],[-121.992370093909,37.2698849324757],[-121.990668093712,37.2691109325884],[-121.989903092945,37.2687619322208],[-121.988982093002,37.2683429327792],[-121.987611093291,37.2677089322685],[-121.986849092824,37.2673559331235],[-121.986509092072,37.2671989328779],[-121.985492092465,37.2667309329328],[-121.985355092611,37.2666679323349],[-121.985213091834,37.266615933148],[-121.985146092081,37.2665919331305],[-121.98499909253,37.266524932901],[-121.984975091711,37.2665139328632],[-121.984770092352,37.2665489326317],[-121.984505092278,37.2665929328395],[-121.984478092313,37.2666329327894],[-121.984446091599,37.2666369325006],[-121.984117092574,37.2667029329186],[-121.983936091872,37.2667409331908],[-121.982758091513,37.266995933384],[-121.982309091749,37.2670799329525],[-121.982265092015,37.2669319333041],[-121.981795091387,37.2670259328932],[-121.981923091547,37.2673349332334],[-121.981931091741,37.2673569331556],[-121.982076091666,37.2677549333046],[-121.982123092189,37.2678849329927],[-121.98228909189,37.2678609334291],[-121.982614091643,37.2678129332552],[-121.983113092352,37.2692499328477],[-121.983344092885,37.269884933224],[-121.983336091877,37.2699219330039],[-121.983330092038,37.2699459333749],[-121.983309092445,37.2699899333621],[-121.982165092219,37.2702129337141],[-121.982199092038,37.2703029335503],[-121.982387091781,37.2708049333046],[-121.982366092161,37.270801933203],[-121.982415092561,37.2709709334418],[-121.982367092502,37.2709829337368],[-121.982275092571,37.2710009334826],[-121.981925091916,37.271070933155],[-121.981602091795,37.2711279336201],[-121.981556092061,37.2711579330646],[-121.981393091684,37.2711949330514],[-121.981352092387,37.2711949336709],[-121.981242091825,37.2711949331971],[-121.981459092577,37.2718099335418],[-121.9821000931,37.2736239334402],[-121.982131092494,37.2736989332734],[-121.982328092554,37.2736059332568],[-121.98268409213,37.273481933163],[-121.982933092945,37.2734359339047],[-121.982959092929,37.2742139338596],[-121.983046093241,37.27641093337],[-121.98300209342,37.2764119337931],[-121.982773092766,37.2764179341477],[-121.982587093332,37.2764229333477],[-121.982104093037,37.2764359341583],[-121.981535092539,37.276451934252],[-121.981251092412,37.2764569335856],[-121.980657092796,37.2764739341348],[-121.980175093078,37.2764879335189],[-121.980096092819,37.2764899336508],[-121.979859092272,37.2764969342986],[-121.979781093061,37.2764999343339],[-121.979696092578,37.2765029338137],[-121.979753092573,37.2781349337426],[-121.979779092252,37.2784919342773],[-121.979799093164,37.2787609340112],[-121.979801092983,37.2790089341842],[-121.979695093321,37.2790079342474],[-121.979377092566,37.2790069341407],[-121.979272092876,37.279006933962],[-121.978897092533,37.2790089338604],[-121.978873092754,37.27901093456],[-121.978691092723,37.2790319340618],[-121.97839409252,37.2790389340425],[-121.977862092533,37.27903893447],[-121.97775509282,37.2790469347577],[-121.977679092685,37.279060934308],[-121.977518092454,37.2790939344928],[-121.977290091928,37.2791479339765],[-121.977265092227,37.2790059346211],[-121.977235092864,37.2789359342678],[-121.977223092487,37.278906934465],[-121.977079092096,37.2786599339199],[-121.976997092424,37.2785429346893],[-121.976940091905,37.278494934648],[-121.97687609242,37.278458934406],[-121.976826091927,37.2784429343389],[-121.976617092109,37.2783759340347],[-121.976712092161,37.2780879340708],[-121.976736092501,37.2779699342918],[-121.97674309202,37.2778919346526],[-121.976742092226,37.2777659343587],[-121.976702091833,37.27744193457],[-121.976692092335,37.2773609339337],[-121.976673092061,37.2772049338835],[-121.976617092301,37.2772309340471],[-121.976495091793,37.2772749338716],[-121.976390091695,37.2773359344603],[-121.976334092152,37.2773699345423],[-121.97546209229,37.2774129341887],[-121.975151091648,37.2774289342584],[-121.974968092226,37.2774219341612],[-121.974424091287,37.2773989345165],[-121.974242091903,37.2773929343792],[-121.974132091689,37.2773869345603],[-121.973806091258,37.2773699344034],[-121.973699091522,37.2773649344782],[-121.973592092266,37.2773629343571],[-121.973270091306,37.2773559341854],[-121.97316309111,37.2773549342636],[-121.972942091437,37.2773589348099],[-121.972282091823,37.2773739345711],[-121.972243091044,37.2773749345366],[-121.972063091316,37.2773849349263],[-121.971954090976,37.2773869345757],[-121.97167309135,37.2773949349566],[-121.971629091374,37.2773909346207],[-121.971522091153,37.2773809344041],[-121.971463090869,37.2773749348277],[-121.971431091393,37.2773669348974],[-121.97133309157,37.2773449342539],[-121.971095091588,37.277332934841],[-121.970518091719,37.2773029344684],[-121.970495091317,37.277298935121],[-121.970448090777,37.2773009343564],[-121.970385091517,37.2773019351559],[-121.970259090917,37.2773059351268],[-121.969868091444,37.2773149344275],[-121.969454091045,37.277325934513],[-121.968942090686,37.2772579350665],[-121.968514090709,37.2774019349232],[-121.968361090654,37.2774529346839],[-121.968105090897,37.2775389353431],[-121.966992090211,37.2779459347474],[-121.966761090887,37.2780069351513],[-121.966601091169,37.2780329351183],[-121.966434091071,37.2780399353823],[-121.966294090591,37.2780579346566],[-121.966121091204,37.2780879350778],[-121.965917090449,37.2781189350526],[-121.965548090869,37.2782949348205],[-121.965336090205,37.2785609355491],[-121.965144090505,37.2787019351257],[-121.964948090391,37.2787689350764],[-121.964740090072,37.2788409349927],[-121.964735090714,37.2792289351525],[-121.964734090385,37.2793009348936],[-121.964717090956,37.2798399352726],[-121.964766091386,37.2814179358593],[-121.964783091107,37.2819449357227],[-121.965143090781,37.2819449351302],[-121.966013091003,37.2819449354098],[-121.966106091641,37.2819449350254],[-121.966387090879,37.2819449355279],[-121.966481091297,37.2819449354279],[-121.966480090851,37.2823899351053],[-121.966478091528,37.2837249353614],[-121.966478090927,37.2841709360374],[-121.966398091623,37.2841709360114],[-121.966335091119,37.2841719354908],[-121.966161091077,37.2841749360487],[-121.966083091459,37.2841769354015],[-121.966002091235,37.2841769354475],[-121.965799091515,37.2841799358166],[-121.965838091996,37.2867059357807],[-121.966257091724,37.2866849355841],[-121.966303091676,37.286684935972],[-121.966329091684,37.2866849356352],[-121.966735091137,37.2866629356091],[-121.966925092194,37.2866309360002],[-121.967048091893,37.2866089360425],[-121.967151091959,37.2865919355137],[-121.967412092212,37.2865229356226],[-121.967480091459,37.2865059356948],[-121.967533091286,37.2864919361391],[-121.967699091546,37.2864489352966],[-121.968003091565,37.2863849359634],[-121.968054092124,37.286377935403],[-121.968212092152,37.2863479358157],[-121.968796092216,37.2863189359992],[-121.96969509259,37.2862809353338],[-121.970590092429,37.2862479357478],[-121.970754091887,37.2862419352193],[-121.970780092675,37.2862399354603],[-121.971353092583,37.2862149356195],[-121.971544092524,37.2862069355477],[-121.972297092671,37.2861739357382],[-121.972633092069,37.2861549353385],[-121.973613092591,37.2861149353521],[-121.974102093118,37.2861009347687],[-121.974177092914,37.2860989349594],[-121.974041092427,37.2844819354746],[-121.974267092731,37.284477934868],[-121.974602092411,37.2844659349345],[-121.975604092569,37.2844169349663],[-121.976637092918,37.2843659351396],[-121.9766390926,37.2842859347273],[-121.976642092437,37.284155935164],[-121.97664409236,37.2836059347244],[-121.97670309324,37.283604935021],[-121.977263092641,37.2835849343632],[-121.977873092552,37.2835649351526],[-121.978873093099,37.2835449346668],[-121.979683092867,37.2835149349652],[-121.980080093036,37.2835089344916],[-121.980348093067,37.2835059349334],[-121.982013093715,37.2834849340448],[-121.982383093876,37.2834749341409],[-121.982545094288,37.2834699340197],[-121.982956094143,37.2834579347649],[-121.983058093872,37.2850669342894],[-121.983117094075,37.2859559346386],[-121.983120094081,37.2860539341817],[-121.983513093829,37.2861349343257],[-121.983918094273,37.2861839344655],[-121.984073094085,37.2862259345682],[-121.984128093983,37.286242934388],[-121.983979094507,37.2863789348618],[-121.983467094708,37.2868459344038],[-121.980928094537,37.2890549346796],[-121.980861094214,37.289092934911],[-121.979981094583,37.2898469348296],[-121.979828093663,37.289987935296],[-121.980158094644,37.2902239354585],[-121.980375094595,37.2903829355566],[-121.981023094171,37.2908579355504],[-121.9812410943,37.2910169354622],[-121.981588093914,37.2912549351922],[-121.981658095041,37.2913269354606],[-121.980606094586,37.2922369356004],[-121.980443094383,37.2923829349975],[-121.980286094944,37.2925229352928],[-121.976612093333,37.2898309355887],[-121.976608093512,37.2904629350666],[-121.976607093781,37.2906019351627],[-121.976611093983,37.2907839351091],[-121.976583093229,37.2907749351935],[-121.976453093158,37.2907429351465],[-121.976317094163,37.290723935764],[-121.976164093114,37.2907189358149],[-121.975701093836,37.2907339353546],[-121.975562093397,37.2907349350903],[-121.975462093863,37.2907349355698],[-121.975401093298,37.2907359353585],[-121.975163093569,37.2907389357034],[-121.97506409313,37.2907409356999],[-121.974978093234,37.2907419352857],[-121.974721093637,37.2907459356409],[-121.974636093788,37.2907479351514],[-121.973997093566,37.2907569352952],[-121.973712092687,37.2907609353558],[-121.973590092667,37.290762935788],[-121.973224092712,37.2907699359987],[-121.973103092702,37.2907729361162],[-121.973025092971,37.2907739357417],[-121.972795093487,37.2907779360704],[-121.97271809265,37.2907799357015],[-121.972190092571,37.2907879358248],[-121.972072092753,37.2907869360048],[-121.970731092676,37.2908079360385],[-121.970745093147,37.2916459356102],[-121.970705093021,37.2916469361964],[-121.970663092678,37.2916349355341],[-121.970693093252,37.2924149359963],[-121.970683093312,37.2931849361009],[-121.970740092503,37.293190936089],[-121.970781092843,37.2931949361696],[-121.970807092852,37.2939239360189],[-121.970821092827,37.2940839359765],[-121.970852093106,37.2949909364667],[-121.970870093463,37.2953699363785],[-121.968536093378,37.2954249362999],[-121.967574093347,37.2954309364667],[-121.966236092749,37.2954449362112],[-121.966226092193,37.295675936612],[-121.963035092035,37.2956789367989],[-121.962930092188,37.2956819370118],[-121.962951092385,37.2955479372006],[-121.962956092479,37.2954999365711],[-121.962862092383,37.2955129364307],[-121.962102091753,37.2955239365055],[-121.961302092151,37.2955399367473],[-121.961354091765,37.2958709367107],[-121.961403092243,37.2959379372728],[-121.961557092189,37.2959339366175],[-121.961667092142,37.295946937117],[-121.961811091504,37.2959539370731],[-121.961913091941,37.2959749369222],[-121.962084092359,37.2960069366064],[-121.962275091883,37.296030936586],[-121.962305091529,37.2960349364869],[-121.962353092081,37.2961289368721],[-121.962429092278,37.2961919368679],[-121.963006092175,37.297351936804],[-121.962980092784,37.297407937292],[-121.963077091943,37.2976079368075],[-121.962869092069,37.2976649373681],[-121.962789092828,37.2977209374217],[-121.962688091805,37.2977799371631],[-121.962656092832,37.2977939372576],[-121.962615092669,37.2978869367742],[-121.962433091792,37.2978979372967],[-121.962185092463,37.2978979368029],[-121.96190509173,37.297896937176],[-121.961865092747,37.2978969368518],[-121.961744092468,37.297896937037],[-121.961353092372,37.2978949372695],[-121.96095009198,37.2978499369456],[-121.959503091678,37.2978639372039],[-121.959185091689,37.2978799372871],[-121.959030091973,37.2978609374265],[-121.959035091257,37.2975059371678],[-121.959033091629,37.2973429368986],[-121.959032092045,37.2972709371522],[-121.959028092043,37.2958879367742],[-121.959032091202,37.2955349368789],[-121.954454091055,37.295573937755],[-121.954454090962,37.2956329376033],[-121.949932089948,37.2956329379629],[-121.949933089632,37.2956849381457],[-121.949934090336,37.2957519377235],[-121.947647090179,37.2957539382825],[-121.947635089755,37.2952779381527],[-121.947621089313,37.2949419375795],[-121.945225089807,37.2949269382744],[-121.945230089881,37.2949919379407],[-121.944638089345,37.2949969381225],[-121.944637088798,37.2951239382635],[-121.944635089269,37.2953809383904],[-121.944523089474,37.2954749382735],[-121.944513089668,37.2956149379176],[-121.944543089644,37.296254938178],[-121.944553089913,37.2973349379857],[-121.944573090093,37.2974349380297],[-121.944602089943,37.2974559385302],[-121.944653089443,37.2974949379172],[-121.944743089733,37.2975349386414],[-121.94473309005,37.2979449380672],[-121.945319089801,37.2979519381928],[-121.945369090164,37.301547938945],[-121.945398090635,37.3016419386474],[-121.945419090792,37.3041229389979],[-121.945421090599,37.3051299392839],[-121.94542209086,37.3052019388232],[-121.945453090042,37.3052049387145],[-121.945473090213,37.3057749389383],[-121.945503090648,37.3069459390669],[-121.94550409082,37.3069979391284],[-121.945353090799,37.3069969388035],[-121.944739090609,37.3069949389942],[-121.944483090565,37.3069969393662],[-121.944420090465,37.3069969389599],[-121.944018090732,37.306993939122],[-121.943977090638,37.3069929395012],[-121.943977090356,37.306634938795],[-121.943978090068,37.3055639389741],[-121.943979090532,37.3052079391494],[-121.943865090105,37.3052059387251],[-121.943775089954,37.3052049392012],[-121.943523089957,37.3052049386677],[-121.943410090053,37.3052059393433],[-121.943365090407,37.30520593879],[-121.943233090346,37.3052069390238],[-121.943189090531,37.3052079388377],[-121.943182089794,37.3047919390229],[-121.94318109053,37.3042249387638],[-121.9431730895,37.303553938935],[-121.943171089843,37.3033139384655],[-121.94231409016,37.3033179388475],[-121.941877090282,37.3033209387151],[-121.941377089188,37.3033229389713],[-121.941089090188,37.3033249393892],[-121.940753089165,37.303326938846],[-121.940758089575,37.3044779390566],[-121.940760090246,37.3049829394396],[-121.940766090373,37.3051339392373],[-121.940610089711,37.3051159393256],[-121.940474090147,37.3051389392684],[-121.940389089649,37.3051529396315],[-121.940069089475,37.3052099390023],[-121.93993408939,37.3052339396876],[-121.939912089671,37.3052239389853],[-121.939877089403,37.3052129390099],[-121.939864089678,37.305212939383],[-121.939859089509,37.3050879395553],[-121.939837089458,37.3045509395927],[-121.939860089227,37.3044979393117],[-121.939859089693,37.3033099389623],[-121.939849089414,37.3024309387268],[-121.939478089153,37.302432938986],[-121.939392088797,37.3024179388209],[-121.939301089165,37.3024039387103],[-121.93850108924,37.3024199392185],[-121.938126088981,37.3024219392137],[-121.938139089116,37.302090939114],[-121.938172089116,37.3020249391521],[-121.938145088809,37.301251939114],[-121.938119088379,37.300509939071],[-121.938115089334,37.2997539391445],[-121.940315088905,37.2997489384636],[-121.94050108924,37.2997479383603],[-121.940500089243,37.2997319385361],[-121.940484088725,37.2994059391844],[-121.940479089044,37.2992969391675],[-121.9404650892,37.2991529385576],[-121.940414088707,37.2988619389621],[-121.940286088788,37.2983579390948],[-121.940226089,37.2981249384968],[-121.940158088407,37.2979679388273],[-121.939956089355,37.2974969384418],[-121.939889088421,37.2973409381829],[-121.939695088754,37.296978938928],[-121.939505088667,37.2966239383917],[-121.93935108907,37.2964419389095],[-121.938899088708,37.2958989382855],[-121.938751088023,37.2957179389746],[-121.937849087917,37.2945519381007],[-121.937600088628,37.294364938831],[-121.937440088597,37.2942459384274],[-121.937150088388,37.2942409387524],[-121.936282088033,37.2942289388206],[-121.935993087602,37.29422493862],[-121.935903087738,37.2942949387729],[-121.935865088195,37.2943319385635],[-121.935833088394,37.2943649384134],[-121.935629088363,37.2945479387488],[-121.935495087567,37.2946669390773],[-121.935372088333,37.2947779385682],[-121.935199087346,37.2949319389097],[-121.934680087344,37.2953959384988],[-121.934508087659,37.2955509391526],[-121.933944087716,37.2960509389811],[-121.933683087563,37.2962849391581],[-121.932275088243,37.2975759390206],[-121.932233088051,37.2976149388426],[-121.931879088222,37.2979459389871],[-121.931687088154,37.2980349388393],[-121.93167408768,37.2977879395005],[-121.931679087087,37.2974519395613],[-121.931679087278,37.2974089390261],[-121.931680088044,37.2973899392077],[-121.931681087544,37.297308939102],[-121.931681087022,37.2972819393826],[-121.931681087957,37.2972399393905],[-121.93168208745,37.2972269393318],[-121.931683087609,37.2971669392018],[-121.931683087088,37.2971059394566],[-121.931685087527,37.2969969390144],[-121.931685087146,37.2968619394725],[-121.93168508768,37.2963449387453],[-121.931685087484,37.2962349387044],[-121.93168608726,37.2955469389737],[-121.931687087867,37.2949389387064],[-121.931699087541,37.294401938892],[-121.927705086312,37.2943869390066],[-121.927543086542,37.2943949394841],[-121.927419086906,37.2943959396033],[-121.926812086536,37.2944009393152],[-121.926564086208,37.2943979396376],[-121.926279086121,37.2943959394992],[-121.926096086383,37.2943999390936],[-121.925548086538,37.2944059391817],[-121.925366086065,37.2944089398283],[-121.924401086187,37.2944159390976],[-121.924170086427,37.2944139390767],[-121.923403086503,37.2943789390615],[-121.922669086328,37.2943779391478],[-121.922435086116,37.2943799396582],[-121.922245085736,37.2943819400077],[-121.92173308538,37.2943839400197],[-121.921500086198,37.2943859396265],[-121.921388086223,37.294385939856],[-121.921235085642,37.2943869400578],[-121.921054085594,37.2943869396936],[-121.920943085539,37.2943869395632],[-121.92085008516,37.2943869395013],[-121.920573085635,37.2943899397405],[-121.920393084989,37.2943909398968],[-121.920355085793,37.2943909392827],[-121.920322085666,37.2943919395444],[-121.919979085262,37.2943939399426],[-121.919854085812,37.2943949402092],[-121.919778085181,37.2943949395609],[-121.919550085063,37.2943979398592],[-121.919475084933,37.2943989396339],[-121.91925808504,37.2943999399376],[-121.918778085031,37.2944029400012],[-121.918638085098,37.2944049402025],[-121.918225084758,37.2944049397701],[-121.918087085235,37.2944059398246],[-121.918086085395,37.2942789395568],[-121.918086085289,37.2939649401284],[-121.918085084613,37.293897939821],[-121.91808508526,37.2937719401705],[-121.918084084565,37.2937069400697],[-121.918084085605,37.2935119399595],[-121.918084084822,37.2934469399394],[-121.918081085124,37.2932849398801],[-121.918073085396,37.2928019396309],[-121.918072084828,37.2926899395565],[-121.918070084595,37.2926419397803],[-121.918069084991,37.2925029400152],[-121.918069084612,37.292132940037],[-121.91807108504,37.2920869398832],[-121.918078085066,37.2919489395211],[-121.918080085085,37.2918509393311],[-121.918079085251,37.2918079396968],[-121.91807308512,37.2913879393412],[-121.918072084985,37.2912479398991],[-121.918070084412,37.291106939824],[-121.91806608474,37.2906839397088],[-121.918065085192,37.2905429396851],[-121.918063084179,37.2903949393157],[-121.918059084864,37.2899539399523],[-121.918059085255,37.2898869396626],[-121.919267084881,37.2898879391582],[-121.922610085712,37.2898669387318],[-121.922605085783,37.2897419392171],[-121.922609085805,37.2894099392946],[-121.922607085292,37.2890719393641],[-121.922599084988,37.288606938717],[-121.922595084758,37.2884149388573],[-121.922593085221,37.2882449387041],[-121.922587085557,37.2877349391307],[-121.922586084757,37.2875649390207],[-121.922578084875,37.2869409388668],[-121.922567085258,37.2867439385573],[-121.92257308453,37.286390938568],[-121.922570084855,37.2862609389774],[-121.922568085292,37.2861499392009],[-121.922561084932,37.2857879389991],[-121.922557084815,37.2854179389452],[-121.922542085332,37.2851619388599],[-121.922517085223,37.2849699388782],[-121.922511085012,37.2849249387656],[-121.922502084725,37.2846099384728],[-121.922486084928,37.2840019384626],[-121.922478084542,37.283530938563],[-121.92247508472,37.2832889386145],[-121.922471084444,37.2831719389628],[-121.922470084741,37.2831349390009],[-121.922467085108,37.2830249387791],[-121.922466084879,37.2829889384819],[-121.922465084581,37.282950938871],[-121.922468085101,37.282631938545],[-121.922611084432,37.2825289385313],[-121.923063084934,37.2822349385066],[-121.923263084046,37.2820889383588],[-121.923508084818,37.2818139385497],[-121.923549084524,37.2817209384896],[-121.923562084258,37.2815589385943],[-121.923557084974,37.2814239387289],[-121.924346084703,37.2813789384788],[-121.924350085029,37.2812099379008],[-121.924746084524,37.2812149381156],[-121.92474508504,37.2812489381546],[-121.925149084551,37.2812479383725],[-121.92515208489,37.2814039381821],[-121.925846084578,37.2813909384683],[-121.926001084396,37.2813899382482],[-121.926327084997,37.2815769384657],[-121.926413084531,37.281577938097],[-121.926416084921,37.2819419379168],[-121.927051085681,37.2819269385292],[-121.927060085505,37.2820379384462],[-121.927938085095,37.2820339377113],[-121.927932084767,37.2817659383475],[-121.92792708492,37.2815769380897],[-121.92842608531,37.2815709384775],[-121.928873085638,37.2815739378839],[-121.928881085755,37.2814369377372],[-121.929594085402,37.2814239375491],[-121.930834085983,37.28141393763],[-121.930831085507,37.2820229380659],[-121.931670086342,37.2820149382919],[-121.931674085939,37.2820899378092],[-121.931692085908,37.2824049378617],[-121.932808085903,37.2824039376885],[-121.933258086549,37.2824039377906],[-121.934187085906,37.2823969372984],[-121.934187086629,37.2823579379547],[-121.934187086202,37.2822849375962],[-121.93418708616,37.2820379379187],[-121.934169086662,37.2820299380299],[-121.934166086484,37.2816619373622],[-121.9341530861,37.2816409380299],[-121.934160086236,37.2813889378351],[-121.93437108649,37.2813859377663],[-121.934474086643,37.2813829373464],[-121.934474086523,37.2811179374332],[-121.934473085935,37.2810859375782],[-121.934473086303,37.2810599374099],[-121.934472086067,37.2805369379194],[-121.934470085847,37.2801519374547],[-121.933924085684,37.2798949374806],[-121.934155086209,37.279608937391],[-121.934351085576,37.2797489372513],[-121.934757085719,37.279758937757],[-121.934761085653,37.2798759373792],[-121.93482208617,37.2798789371266],[-121.935823086834,37.279872937454],[-121.935800086682,37.2796289372683],[-121.935798086461,37.2796049374557],[-121.935795086472,37.2795679376204],[-121.935781086085,37.2794359374933],[-121.935760086035,37.2792989377388],[-121.935719086714,37.2792219369907],[-121.93568208589,37.2791529377637],[-121.935667085658,37.2791069373051],[-121.935655086475,37.2790849374788],[-121.935626086632,37.2790199372135],[-121.93537808588,37.2784499375939],[-121.935243085691,37.2780089376716],[-121.93519908614,37.277896937117],[-121.935154085979,37.2777719374296],[-121.935128086399,37.2776999374185],[-121.935069086341,37.2775329375412],[-121.935051085819,37.2774859375382],[-121.935026085767,37.2774149371091],[-121.935011086365,37.2773719373344],[-121.934985085772,37.2773099375166],[-121.934850085491,37.2769889369397],[-121.934794085937,37.2768559369002],[-121.934268085177,37.2770019376029],[-121.933745085092,37.2758339369277],[-121.934276085763,37.2756919367472],[-121.9342600852,37.2756489369533],[-121.93420608522,37.2755209375344],[-121.934177085705,37.2754529370278],[-121.934096085623,37.2752579375024],[-121.934044085275,37.2751459369809],[-121.933926085233,37.2748669372679],[-121.933844085616,37.2746719367184],[-121.933972085001,37.274515936677],[-121.934320085247,37.2740989366487],[-121.935292085762,37.2746629370293],[-121.935406085608,37.2746659373919],[-121.935394085656,37.2743899371303],[-121.935390085905,37.2743059370284],[-121.935772085538,37.2743029369277],[-121.935772085441,37.274181936474],[-121.936210086162,37.2741869372692],[-121.936211086143,37.2742359368194],[-121.936217086259,37.2746029373077],[-121.936519085486,37.2745519371853],[-121.936598086213,37.2745199365097],[-121.937129086084,37.2745199365243],[-121.937953085678,37.274519936418],[-121.937952086343,37.2744939371828],[-121.937940086139,37.2735709369143],[-121.937913085495,37.2735709366218],[-121.937903085922,37.2732309362437],[-121.93834708558,37.2732339364466],[-121.938357085538,37.2735609367038],[-121.938790085482,37.2735489368607],[-121.938768086192,37.2730869365175],[-121.93907508626,37.2730919364757],[-121.939215086225,37.2730939363247],[-121.939204085479,37.2730039363016],[-121.940023086164,37.2730169365872],[-121.940069086272,37.2730179367396],[-121.940067086656,37.2732349366628],[-121.940203086708,37.2732309369033],[-121.940724086233,37.2732139365437],[-121.940716086377,37.2726209366261],[-121.940782085721,37.2726219360616],[-121.941048086704,37.2726269364111],[-121.941083086763,37.2726419363184],[-121.941102086564,37.2726709360542],[-121.941186085937,37.2726729364456],[-121.94129808668,37.2726739365112],[-121.941308086382,37.2726449361129],[-121.94132408576,37.2726299365969],[-121.941364086515,37.27261493603],[-121.941360086422,37.2725289366739],[-121.941357086131,37.2724589363124],[-121.941322085823,37.272444936153],[-121.94129908641,37.272423936019],[-121.941296086499,37.2724069366961],[-121.94118808608,37.272404936501],[-121.941089086612,37.2724039366153],[-121.941081086139,37.2724369363298],[-121.941058085974,37.2724559361861],[-121.941044086045,37.2724579362249],[-121.940776086137,37.2724579361995],[-121.940647086339,37.2724569366354],[-121.94063108647,37.2714379361399],[-121.940615086416,37.2705339363463],[-121.940605085611,37.2697299362952],[-121.940597085801,37.2695999359342],[-121.940583086354,37.2693689360185],[-121.940582085803,37.2692799363828],[-121.940579085276,37.2690249361125],[-121.940797085694,37.2690209362245],[-121.940930085308,37.2690199357465],[-121.940928086169,37.2688359357407],[-121.940921085638,37.2679089359056],[-121.940969085445,37.2678639355954],[-121.941322086148,37.2676169358507],[-121.941284085945,37.2675449357445],[-121.941275085434,37.2675029356274],[-121.941276085563,37.2674759355778],[-121.941295085242,37.2674219361756],[-121.941331086038,37.2673739363187],[-121.94141008591,37.2673059362561],[-121.941728085559,37.2670459356736],[-121.941887085933,37.2669129355936],[-121.942059085537,37.2670439359585],[-121.942103086056,37.2670069356661],[-121.94224208524,37.266887935624],[-121.942485086239,37.2670749354662],[-121.942931085925,37.2669049361642],[-121.942908085829,37.2668509357223],[-121.942863085947,37.2667449358171],[-121.942809085323,37.2665729358293],[-121.942437085302,37.2666409360831],[-121.942364086159,37.2665879361884],[-121.942322086236,37.2664629357816],[-121.942270086165,37.2665179356332],[-121.94219608545,37.2664649357904],[-121.942167085188,37.2662029355639],[-121.941973085585,37.2660389356743],[-121.942008085212,37.266005936093],[-121.942180085482,37.2658099361648],[-121.942244085272,37.2657419355833],[-121.942695085644,37.2657319358102],[-121.942694085817,37.2655679360279],[-121.942691085399,37.2651689360925],[-121.942863085416,37.2651709353287],[-121.942871085881,37.2647579358766],[-121.943267086187,37.2650039354281],[-121.943779085978,37.2644519355127],[-121.943965085546,37.264253935135],[-121.944019085726,37.2642929351209],[-121.944014086008,37.2636019358055],[-121.944233085373,37.2636009354308],[-121.944282085401,37.2636009355674],[-121.944438085422,37.2635969349853],[-121.944493085282,37.2635949357326],[-121.944703085382,37.2635949354605],[-121.944876085977,37.2635919350443],[-121.945050086326,37.2635879354638],[-121.945038085769,37.2628739357059],[-121.94490008626,37.2628779352989],[-121.944438085156,37.2628909353322],[-121.944021085567,37.262893934994],[-121.944081085944,37.2628289355759],[-121.944099085367,37.2628079355371],[-121.944155085505,37.2627469353166],[-121.944174085299,37.2627269356814],[-121.944363085161,37.2625179350736],[-121.944532085378,37.2623319356818],[-121.944728085192,37.2621189356564],[-121.944959085892,37.2619189355645],[-121.945173085965,37.2617349349516],[-121.945445085166,37.2614449351911],[-121.946261086133,37.260574935424],[-121.946533086056,37.2602849347647],[-121.946680085703,37.2601199349891],[-121.947113085405,37.2596349351865],[-121.94712108551,37.2596239347981],[-121.947263086053,37.2594549346031],[-121.94753608613,37.2591379348797],[-121.948093086311,37.2584949344275],[-121.94835308544,37.2581849344525],[-121.948623085387,37.2578649344483],[-121.948667086021,37.257810934476],[-121.948801086078,37.2576509343504],[-121.948846085737,37.2575979347055],[-121.948941085825,37.2574829347153],[-121.949228086114,37.2571409346741],[-121.94932408545,37.2570269347419],[-121.949388085388,37.256949934766],[-121.949493085406,37.2568249348292],[-121.949830086235,37.2564159342541],[-121.949900085514,37.2563289343523],[-121.950067086266,37.2561239340159],[-121.95011208528,37.2560709347579],[-121.950184085962,37.2559849339281],[-121.950219085713,37.2559419341507],[-121.950663085697,37.2553649342322],[-121.950690085897,37.2553779344207],[-121.95088308622,37.2551649338883],[-121.95114308603,37.2548649338197],[-121.951183085838,37.2548249344172],[-121.951313085637,37.2546649338191],[-121.951331086209,37.2546399338957],[-121.951406085987,37.2545359340197],[-121.951489086153,37.2544419345166],[-121.951513085509,37.2544149340038],[-121.951524085286,37.2544009336667],[-121.951604085785,37.2542989337423],[-121.951630085679,37.254266934435],[-121.951743085884,37.2541249344884],[-121.951882085794,37.2539559343035],[-121.951901086266,37.2539329343137],[-121.951981085939,37.2538469342267],[-121.951960085656,37.2537309338685],[-121.951938086334,37.2536129343619],[-121.952047085887,37.2534479335506],[-121.952253086122,37.2531749341739],[-121.952149085585,37.2531179338143],[-121.952053085379,37.2530649339412],[-121.951936086224,37.2529839341733],[-121.951908086223,37.2529789336324],[-121.951820085603,37.2529709341036],[-121.951780085648,37.2528009339561],[-121.951675085068,37.2524189338462],[-121.951572085278,37.2520379337732],[-121.951413085068,37.2514849336978],[-121.951225085727,37.2507949342395],[-121.951218085735,37.2507709337135],[-121.95112308539,37.250436934033],[-121.951072085328,37.2502199334044],[-121.951053085246,37.2501419333717],[-121.950980085299,37.2498949336033],[-121.950957085095,37.2498139335614],[-121.950946084894,37.2497719334844],[-121.95092408494,37.2496929334669],[-121.950826085583,37.2493299338013],[-121.95079408504,37.2492099340398],[-121.950755085599,37.2490689336033],[-121.95068908543,37.248827933846],[-121.950639085254,37.2486459338406],[-121.950601084601,37.2485049340667],[-121.950544084852,37.2483019333526],[-121.950463085192,37.2480149336464],[-121.950375084531,37.2476959332573],[-121.950320084485,37.2474939335007],[-121.950047084308,37.2465099334149],[-121.949067084133,37.2466709337783],[-121.948731084861,37.2467269339357],[-121.948997085245,37.2477079336334],[-121.948893084386,37.247724933974],[-121.948566084547,37.2478049338694],[-121.948527084486,37.2478109336474],[-121.948412084459,37.2478329339134],[-121.948374084642,37.2478399340234],[-121.948210084943,37.2478719333952],[-121.948197084549,37.2478739341893],[-121.948155084812,37.2478829333886],[-121.947820084276,37.2467149341231],[-121.947106084002,37.2467079334089],[-121.947090084237,37.2466489340672],[-121.946899084184,37.2459549334284],[-121.946884084374,37.2459569335154],[-121.946756084248,37.2454829337463],[-121.946729084412,37.2453819338969],[-121.946692084223,37.2452459338031],[-121.946645083995,37.2450739337799],[-121.94654708344,37.2447089331836],[-121.946534083847,37.2446759336602],[-121.94647908414,37.2445339339799],[-121.946471084156,37.2444349338329],[-121.946278083579,37.2437399336593],[-121.946243083512,37.2435929331105],[-121.946225083759,37.2435859338903],[-121.946178084034,37.2435689337485],[-121.946034084055,37.2435169331471],[-121.94592308415,37.2434769338498],[-121.945820083634,37.243443933555],[-121.945641083886,37.2433999336894],[-121.945594083176,37.2433939333013],[-121.945443083896,37.2433769332341],[-121.945236083424,37.2433619339255],[-121.94514508309,37.2433559339432],[-121.944916083908,37.2433439337965],[-121.94471408303,37.243334933535],[-121.944616083065,37.2433359336949],[-121.944507083219,37.2433379332988],[-121.944409083247,37.2433389332882],[-121.94423808394,37.2433399332385],[-121.943789083528,37.2433459340259],[-121.943728083485,37.243348933738],[-121.943558083514,37.2433589340988],[-121.943245082785,37.2433449334783],[-121.942993082779,37.2433349340039],[-121.942306082957,37.2433409338626],[-121.941993083558,37.2433449338683],[-121.941810083427,37.2433449340251],[-121.941262083431,37.2433449335766],[-121.941153082988,37.2433449334777],[-121.941080082591,37.2433449342984],[-121.940976083562,37.2433589341647],[-121.940803082507,37.2433839340896],[-121.940662083219,37.2433889338821],[-121.940558083494,37.2433929340074],[-121.940345082408,37.2433999340212],[-121.940339082653,37.2426999336848],[-121.940338082577,37.2422779341636],[-121.940324082242,37.2408799335821],[-121.940307082623,37.2397079337885],[-121.940288081827,37.2378819333048],[-121.940276082543,37.2368409330832],[-121.940269082632,37.2361249336749],[-121.940056082298,37.2361259336841],[-121.939720082391,37.2361269336359],[-121.938713081302,37.2361319333529],[-121.938526081527,37.2361329333193],[-121.938378081426,37.236133933578],[-121.938155081714,37.2361349338776],[-121.934769081271,37.236163933312],[-121.934600081152,37.2361549336564],[-121.93457108093,37.2361549338538],[-121.934578081682,37.2368879333631],[-121.934610081805,37.2368789341477],[-121.934643082014,37.2380099338425],[-121.934641081086,37.2391879336149],[-121.934653081538,37.2401709339211],[-121.934581082006,37.2401719339883],[-121.934531081132,37.2401719337845],[-121.93441208137,37.2401739338808],[-121.934318082004,37.2401729341099],[-121.934038081201,37.2401699342693],[-121.9339450818,37.2401699338088],[-121.933819081946,37.2401689338475],[-121.933818081193,37.2402249342074],[-121.933820081199,37.2417289343452],[-121.933820081642,37.2434219342262],[-121.933327081669,37.2434239345888],[-121.932770082079,37.2434269341087],[-121.932708081348,37.2434269346235],[-121.932525081388,37.2434269348887],[-121.932464081764,37.2434279348754],[-121.93222108142,37.2434289345917],[-121.932095082191,37.2434299347398],[-121.9315190815,37.2434349349276],[-121.931495081509,37.2434349350187],[-121.931254081144,37.2434239348795],[-121.931228080958,37.2432719343987],[-121.931221081021,37.2431649343583],[-121.931211081974,37.2428969341092],[-121.931201081502,37.2424069340846],[-121.931120081747,37.242411934641],[-121.930552081294,37.2424149342287],[-121.930554080772,37.2425189345831],[-121.93055908162,37.2430889341536],[-121.930563081761,37.2434279343],[-121.930475081749,37.2434299347365],[-121.930090081093,37.2434419345801],[-121.92996308137,37.2434459351046],[-121.929903081805,37.2434449344156],[-121.929694080739,37.2434459343289],[-121.929545081262,37.2434299344527],[-121.929418081159,37.2434269349391],[-121.929343080785,37.2434279345682],[-121.929041081708,37.2434299350812],[-121.928675081533,37.2434259343868],[-121.928493081319,37.2434149348108],[-121.928286080563,37.2434299347352],[-121.927870081412,37.2434349346397],[-121.927723080459,37.2434549348544],[-121.927637080446,37.243455934405],[-121.92762708078,37.2426559346039],[-121.927553081331,37.242654934661],[-121.927568080411,37.2424299350431],[-121.927562080721,37.2417719344271],[-121.927556080662,37.2411449350831],[-121.926582080686,37.241155934873],[-121.926564080375,37.2411239347757],[-121.92654708106,37.2411099349453],[-121.926544081068,37.2410859348645],[-121.926467080855,37.241094934542],[-121.926331080276,37.2410879349354],[-121.926078080685,37.2410869345612],[-121.925858080461,37.2410969346744],[-121.925668080603,37.2410969343394],[-121.92564308077,37.2411069344088],[-121.925639080302,37.2411239350026],[-121.925618080944,37.2411499351394],[-121.925506080928,37.2411589348133],[-121.925137080882,37.2411599352108],[-121.925150080937,37.242699934901],[-121.925174081126,37.2434789353708],[-121.925120080534,37.2434779350578],[-121.924979080059,37.2434769353677],[-121.924917080509,37.2434769354017],[-121.924702080651,37.2434779354363],[-121.923872080829,37.2434849349789],[-121.923596080816,37.2434879354332],[-121.923410079925,37.2434879351114],[-121.922852079786,37.2434919355181],[-121.922667079909,37.2434929355138],[-121.922680080788,37.2433589349724],[-121.922680080151,37.2433209351273],[-121.92268408053,37.2430789354093],[-121.922680080444,37.2428059350189],[-121.922678079931,37.2426529349579],[-121.922679080579,37.2426349347147],[-121.922818079602,37.2426319348067],[-121.923237079724,37.2426249352435],[-121.923214080149,37.2405149347921],[-121.923212080171,37.2403169353081],[-121.923215079607,37.2402249346911],[-121.923248079785,37.2402239350331],[-121.923278080093,37.2402229352824],[-121.923347079771,37.2402219347787],[-121.923339080228,37.2398389349121],[-121.92341807956,37.2398399348635],[-121.924319080156,37.2398519345964],[-121.924332079705,37.2401049348427],[-121.925122080169,37.2400999348453],[-121.925113079682,37.2392999347774],[-121.925105079957,37.2391709345756],[-121.925124079881,37.2361519344286],[-121.924562080046,37.2361619344918],[-121.924393080078,37.236164934346],[-121.923660080057,37.2361859342533],[-121.922624079919,37.2361919343887],[-121.921823079811,37.2361999350232],[-121.920723079006,37.2361849348416],[-121.920526079396,37.236203935098],[-121.919531078444,37.2362139350781],[-121.919309079412,37.2362129349492],[-121.919170079168,37.2362029344201],[-121.918839078748,37.236200935186],[-121.918603078757,37.2361949345379],[-121.917713078784,37.2362149344856],[-121.917309078227,37.2362249351128],[-121.917210078319,37.2362279345884],[-121.917010078091,37.2362299353812],[-121.916982078211,37.2362299349629],[-121.916699078634,37.236231934913],[-121.915753078461,37.2362369350273],[-121.915017077878,37.2362419353255],[-121.914936078558,37.2362319353835],[-121.914893077762,37.2362249353895],[-121.914036077986,37.2362509350723],[-121.913911077704,37.2362519351685],[-121.913854078496,37.2362489355588],[-121.913227078149,37.2362549349947],[-121.912988077737,37.2362649355055],[-121.912822077954,37.2362859356914],[-121.912687077403,37.2362899350529],[-121.91244307771,37.2362999356767],[-121.911781077275,37.2363079352931],[-121.911480078028,37.2363119352235],[-121.911371077609,37.2363129355579],[-121.911234077773,37.2363149354764],[-121.911221077033,37.2334579349263],[-121.911208077204,37.2305539350404],[-121.91105007729,37.230561934745],[-121.910607076434,37.2305849352354],[-121.910522077361,37.2305849347973],[-121.910478076852,37.2305859349364],[-121.910160076904,37.2305879348198],[-121.909769077387,37.230590935105],[-121.909765077194,37.2292249347804],[-121.909592076436,37.2290609351184],[-121.909736076858,37.2290539350165],[-121.909734076854,37.2281919348494],[-121.909745076246,37.2275599348838],[-121.910663076918,37.227545934265],[-121.910980076556,37.2275419342762],[-121.911303077147,37.2275379341778],[-121.911306076403,37.2273979346255],[-121.911303077121,37.2267139345294],[-121.911496076792,37.2267139342041],[-121.912417077353,37.2266989340781],[-121.91269307634,37.226694934626],[-121.912884076853,37.2266949345069],[-121.912864076293,37.2254139345694],[-121.912868076266,37.2253259347054],[-121.911145076476,37.2251139340938],[-121.910783076606,37.2250729340398],[-121.910649075874,37.2250569346362],[-121.910529075845,37.2250359340804],[-121.910435076715,37.2251149348805],[-121.910186076036,37.2252159345872],[-121.90984507581,37.2252419345816],[-121.909535075798,37.2253009349773],[-121.909258076599,37.2253919348197],[-121.909053075739,37.225494934979],[-121.909056076086,37.225507934652],[-121.908769076368,37.2258499342388],[-121.908456076085,37.2260799343366],[-121.906808076179,37.2264579351791],[-121.906226075362,37.2254919345407],[-121.905555075802,37.2243829348882],[-121.905758074983,37.2238899343873],[-121.905781075549,37.2238089348588],[-121.905883075639,37.2236639342317],[-121.90598507536,37.2235189344124],[-121.906186075294,37.2232339349953],[-121.906248076022,37.22314493465],[-121.906311075399,37.2230669343723],[-121.906361075288,37.2229509347205],[-121.906443075925,37.2227409348899],[-121.906487074997,37.2226339347809],[-121.906517075463,37.2225369343812],[-121.906586075625,37.2223309345524],[-121.906625075676,37.2222739348082],[-121.906683075684,37.2221929344789],[-121.906879075704,37.2219919344977],[-121.906995075457,37.2219299342865],[-121.907302075445,37.2217679346584],[-121.907590075139,37.2216149345608],[-121.907964075443,37.2214089339471],[-121.908196075864,37.2211989347405],[-121.908361075465,37.2209429341989],[-121.908595075187,37.2207369340261],[-121.908738075921,37.2206169346486],[-121.908903075429,37.2204469342679],[-121.909109075633,37.2202819341931],[-121.909212075599,37.220182934123],[-121.909301075089,37.2199579344413],[-121.909302075846,37.2196499338248],[-121.909212075425,37.219391934332],[-121.909096076009,37.2191719336896],[-121.909006074913,37.219045934123],[-121.908829075453,37.218731934257],[-121.908814075659,37.2187049338958],[-121.908787074864,37.2185789342318],[-121.908807075817,37.2184629343859],[-121.908862075164,37.2182979343328],[-121.90895207535,37.2181719343388],[-121.909089075201,37.2180289340134],[-121.909385075938,37.2178199336439],[-121.909696075014,37.2176509338546],[-121.909708074999,37.217644933892],[-121.910422075844,37.2173699335426],[-121.910793075164,37.2172819341501],[-121.911759076226,37.2170739333443],[-121.912147075362,37.2169909336375],[-121.912455076217,37.2169049335876],[-121.912498075236,37.2169389334641],[-121.912629075985,37.2170409340668],[-121.912673076314,37.2170749339723],[-121.912753075916,37.2169949334531],[-121.912929075926,37.2167619339305],[-121.913033076036,37.2166249331536],[-121.913323076151,37.2161049334872],[-121.913393076296,37.2159649333468],[-121.913448075374,37.2156779335985],[-121.91347307631,37.2155549338192],[-121.913473075184,37.2154349331618],[-121.913456075585,37.21539193305],[-121.913424075388,37.2152829334766],[-121.913310075501,37.2152529332362],[-121.913249076118,37.2152169333108],[-121.913196075653,37.2151739338486],[-121.91309807565,37.2150639337648],[-121.913052075169,37.2150019331977],[-121.913015075237,37.2149339337685],[-121.9130020758,37.2149069332136],[-121.912990075085,37.2148819330225],[-121.912946075564,37.2147629335311],[-121.912930075441,37.2147179332262],[-121.912916075707,37.2146479333261],[-121.912900076122,37.2146039335763],[-121.912632075987,37.2138849329274],[-121.912603074997,37.2138249334214],[-121.912600075274,37.2138159333684],[-121.912553075587,37.213674933492],[-121.91283907497,37.2133249335703],[-121.912764074934,37.2123039334961],[-121.912828075477,37.2122399328948],[-121.912826074903,37.2117639328862],[-121.91282607531,37.211503933499],[-121.912824075138,37.2110569328116],[-121.913547075848,37.211060933299],[-121.913827075413,37.2110599332914],[-121.914908075443,37.2110549333114],[-121.916684076283,37.2110499327256],[-121.917334075779,37.211044932776],[-121.917319076514,37.2119459329497],[-121.921838076704,37.2119259326894],[-121.921841077264,37.2132409323914],[-121.921867076778,37.2134199327614],[-121.921013076904,37.2134169328223],[-121.921086076681,37.2140779328009],[-121.921110076706,37.214290932774],[-121.921134076983,37.2145079332109],[-121.921138076265,37.2145469331098],[-121.921148076902,37.2146399325015],[-121.921743076596,37.2146409326694],[-121.921766076921,37.2147699331959],[-121.922996076567,37.2147469327121],[-121.92345307752,37.2147379323045],[-121.923633076922,37.2147349323147],[-121.92363307774,37.2146149322458],[-121.923653077265,37.2144949325671],[-121.923643077184,37.2144349323521],[-121.923623077281,37.2143949325562],[-121.923705077646,37.2143769327909],[-121.924270077356,37.2142569325824],[-121.925044077572,37.2140919325553],[-121.925767077431,37.2133429322731],[-121.927028077283,37.2133039327396],[-121.927937077415,37.2132809321262],[-121.9294070776,37.2132389323071],[-121.930903078231,37.2131969320711],[-121.930917077462,37.2107279316992],[-121.930910077517,37.2079669318666],[-121.930930077519,37.203108931269],[-121.930957076814,37.2010749313385],[-121.930981077126,37.1992659304719],[-121.935558077737,37.1992809303404],[-121.947629079456,37.199294930032],[-121.947322080089,37.2068389304194],[-121.95048107988,37.2069189297145],[-121.95108908088,37.2068919296167],[-121.951092080953,37.2069369297819],[-121.954953080555,37.2070649298522],[-121.954899080811,37.2085489296834],[-121.954854081177,37.2098319302922],[-121.95462008189,37.210098930211],[-121.954454081338,37.2102879302676],[-121.954124081433,37.2101969298905],[-121.953925081062,37.2100969302364],[-121.953766081596,37.2101819305292],[-121.95358208077,37.2102789299137],[-121.953159081658,37.2105049301335],[-121.953091081221,37.2105899300957],[-121.953271080865,37.2106069299023],[-121.953505081209,37.2106229297579],[-121.953655081568,37.2106499300492],[-121.953845080981,37.2106989298373],[-121.954203081144,37.2108249301354],[-121.954572081024,37.2108669303682],[-121.955063081785,37.2109249302944],[-121.955087081069,37.2109829300139],[-121.955085081968,37.2110119301542],[-121.955084081883,37.2110639298575],[-121.955059081897,37.2111149303953],[-121.955529081714,37.2110169298343],[-121.955527081184,37.2113359302432],[-121.955538081667,37.2114329304496],[-121.955534081401,37.2115059304489],[-121.955530081743,37.2116119297101],[-121.955541081536,37.211744930029],[-121.955551081899,37.2121029301114],[-121.95631108169,37.2120989304676],[-121.956342082103,37.2116279301181],[-121.956381081497,37.2110199303451],[-121.956433082148,37.2102169295065],[-121.956445081155,37.21003092953],[-121.956458081804,37.2098519297085],[-121.956583081795,37.2078849298372],[-121.956583081273,37.2077949299392],[-121.956581080925,37.2072499298955],[-121.956580081278,37.2070999296852],[-121.95795808119,37.2071199295877],[-121.958659081512,37.2071299292184],[-121.95891208127,37.2071339294651],[-121.958759081548,37.2085539300422],[-121.958743081889,37.2091849300738],[-121.958938082309,37.2091049293082],[-121.958963082027,37.2090949300325],[-121.959058081464,37.2090759293339],[-121.959163082489,37.2090549299608],[-121.959203081722,37.2090249292355],[-121.959283082551,37.2091949295418],[-121.959373082098,37.2093249299152],[-121.959473082503,37.2094149293995],[-121.959545082033,37.20945492942],[-121.959280081697,37.2096949293146],[-121.95883108144,37.209805929537],[-121.958784081671,37.2098179297552],[-121.958752081426,37.2098179296498],[-121.958617081584,37.2098019298949],[-121.958531082549,37.2105769297868],[-121.959673082369,37.2106039293272],[-121.959636081991,37.2106449294241],[-121.95971308281,37.2109979300453],[-121.959847082272,37.2111649299148],[-121.95997708211,37.2113939297792],[-121.959977082229,37.21152692938],[-121.959915082064,37.2116319296867],[-121.959902082078,37.2117839296107],[-121.959961082491,37.2119079295419],[-121.959961082155,37.2121959297545],[-121.960029082169,37.2125329297498],[-121.960782082202,37.2126289299961],[-121.961146083176,37.2124999294601],[-121.961131082831,37.2124609302418],[-121.961118082658,37.2123959297704],[-121.96112008235,37.2123019296519],[-121.961186083189,37.212239929911],[-121.961325082895,37.2121569294969],[-121.961409082968,37.212076930033],[-121.961454082876,37.2120289301461],[-121.961517082152,37.2119669293355],[-121.961643083064,37.2121609299595],[-121.961738082169,37.2123099299941],[-121.961570082451,37.2123499300167],[-121.961962082897,37.2126029300692],[-121.961971082673,37.2126129295277],[-121.962252083357,37.2127899300366],[-121.961964082596,37.2130959296724],[-121.961909082586,37.2131769293826],[-121.961778082555,37.213368929938],[-121.962641082669,37.2136559301707],[-121.962707083292,37.2136779296515],[-121.962406083206,37.2141149300421],[-121.962750082726,37.2139479295745],[-121.962862083272,37.2138829300042],[-121.963251083135,37.213805930147],[-121.963462083309,37.2135909298187],[-121.963934083446,37.2135149298637],[-121.963925083149,37.213581929273],[-121.9639380828,37.2136149298332],[-121.963946083225,37.2136339292707],[-121.963947083546,37.2136859293731],[-121.963910083088,37.213736929383],[-121.963846082985,37.2137929301048],[-121.963813083586,37.2138479293027],[-121.963801082747,37.2138979297141],[-121.964465082974,37.2137939300973],[-121.964891083922,37.2138569300337],[-121.965227083143,37.2137499299926],[-121.96588708297,37.213652929568],[-121.966202084013,37.2137679293057],[-121.966566084178,37.2140569295655],[-121.966759083927,37.2141719300024],[-121.96686208399,37.2141109293402],[-121.967154083495,37.2142019296385],[-121.967367083838,37.2142309298658],[-121.967374083235,37.2117159296317],[-121.967738083769,37.2117169292199],[-121.967763084021,37.2116739296249],[-121.967777083734,37.2116769291276],[-121.96789608306,37.2118489293184],[-121.96808808398,37.2119389296083],[-121.968435083516,37.2120639295511],[-121.968610083708,37.2121519294598],[-121.968727084169,37.212182929566],[-121.968839084039,37.2121929290826],[-121.969112083958,37.2121229287827],[-121.969312083688,37.2122039289037],[-121.969540084363,37.2121759288624],[-121.969713084122,37.2121249290623],[-121.97006208402,37.2120129289601],[-121.970050083563,37.2126589289568],[-121.970048083587,37.2128039293328],[-121.970042083705,37.2130739290979],[-121.970215083964,37.2130729288411],[-121.970142084292,37.213207929186],[-121.970282084022,37.2133359296721],[-121.970567084512,37.2133549291976],[-121.970700083828,37.2135279291853],[-121.970573084604,37.2140099293858],[-121.970520084276,37.2142109292465],[-121.971025084287,37.2142109292395],[-121.97189908448,37.2142089293777],[-121.971896083939,37.2140269291997],[-121.971873084046,37.2130079291077],[-121.971885084564,37.2127759290925],[-121.971893084187,37.2111639291666],[-121.971833084148,37.2111189289546],[-121.971788084093,37.2110439288595],[-121.971788083805,37.2109989287904],[-121.971825083918,37.2109609292578],[-121.971878083701,37.2109009287167],[-121.97186708452,37.209738929218],[-121.971537084196,37.2097199287576],[-121.971544084153,37.2095999291378],[-121.97147208427,37.2094769284882],[-121.971399084202,37.2093499285554],[-121.97135208336,37.2092289284068],[-121.97130608375,37.2090899290604],[-121.971265083258,37.2090269288217],[-121.971140084286,37.208871928731],[-121.971093083491,37.2088099286139],[-121.97103508397,37.2087509289974],[-121.970924083799,37.2086809287319],[-121.970852083497,37.208651928423],[-121.97081708319,37.2086269289653],[-121.970775083199,37.2085619286699],[-121.970788083756,37.2084989284704],[-121.970826083803,37.2083249288925],[-121.970819083696,37.2082719286062],[-121.970796084155,37.2081459287944],[-121.970796083636,37.2080749288801],[-121.9708220837,37.207979928519],[-121.970839083917,37.2079179291731],[-121.970909083833,37.2078919288357],[-121.970969083836,37.2077479283746],[-121.970976084117,37.2076899288396],[-121.97096608356,37.2076219290725],[-121.970904083907,37.2075129288129],[-121.970900083863,37.2074249286046],[-121.970944083947,37.2073749286481],[-121.970935083964,37.2073119286959],[-121.970850083367,37.2072119289165],[-121.97179808331,37.2071989290052],[-121.971839083676,37.2071969290192],[-121.971811083904,37.2068539282034],[-121.972423084149,37.2068299288722],[-121.972890083494,37.2068189286673],[-121.973421083974,37.2068059285472],[-121.973391083787,37.2059439286081],[-121.973377083797,37.2052319285683],[-121.971892084034,37.2052619285181],[-121.971904083212,37.204927928082],[-121.971958083264,37.2036559286069],[-121.971960083648,37.2036019287283],[-121.972120082958,37.2035569281628],[-121.972175083213,37.2035419284642],[-121.972463083381,37.2034749282422],[-121.972643083055,37.2034249278492],[-121.972853083668,37.2034049282386],[-121.973042083135,37.2034259281835],[-121.973086083162,37.2034309279234],[-121.973123082938,37.2034349280679],[-121.973423083692,37.2034349282855],[-121.973534084052,37.2033949277081],[-121.975282083693,37.2033789284117],[-121.976332083441,37.2033679283013],[-121.976300083644,37.2022069277754],[-121.976286083665,37.2021009276017],[-121.976279084197,37.2018379280648],[-121.977098083452,37.2017809275227],[-121.979510084141,37.2016759275348],[-121.985894084754,37.20141092736],[-121.98585408542,37.2033379276397],[-121.985812085548,37.2053329274741],[-121.986566086235,37.2053339273157],[-121.987458086089,37.205335927777],[-121.988606086218,37.2053389271779],[-121.988513086026,37.2055189271784],[-121.988613085988,37.2057769274416],[-121.988580086374,37.2060229271622],[-121.988394085551,37.2061889275279],[-121.988440086289,37.2065669277304],[-121.988586086357,37.2067229275859],[-121.988709086698,37.2068559277791],[-121.988849086082,37.2070179277313],[-121.989014086076,37.207063927193],[-121.989178086689,37.2072199275404],[-121.989219086035,37.2074059273824],[-121.989346086809,37.207844927763],[-121.989286086052,37.2079349271401],[-121.989196086321,37.2082459271139],[-121.989095086987,37.2084639278518],[-121.989085086441,37.2086669279405],[-121.989065086624,37.208744927599],[-121.989052086824,37.2090939274917],[-121.989109086885,37.2091889275672],[-121.989126086467,37.2092939278204],[-121.989195086426,37.2094929274797],[-121.989220086998,37.2096139274013],[-121.989443086474,37.2103219276245],[-121.989444086215,37.2107229279318],[-121.989402086779,37.2108679273197],[-121.989335086487,37.2109709280775],[-121.989130087224,37.2111559280058],[-121.988696087167,37.2114039274555],[-121.988413086165,37.2115779276266],[-121.988255086148,37.2117049275673],[-121.988055086151,37.2118949276474],[-121.98792208657,37.212054927919],[-121.987696086945,37.2123119279162],[-121.987424086617,37.2126719278354],[-121.987329086916,37.2128849278668],[-121.987267086514,37.2130819284115],[-121.987234086818,37.2134979276441],[-121.987265086918,37.2136129284502],[-121.987307087203,37.2138389281374],[-121.987387086683,37.2141219279682],[-121.987419087365,37.2141639278365],[-121.987483087199,37.2141699278862],[-121.987678087107,37.2141889277474],[-121.987751086554,37.2141969277484],[-121.987804087229,37.214201928254],[-121.9878830867,37.2142099277475],[-121.987914086654,37.2142129277238],[-121.98790108674,37.214137928466],[-121.988023087134,37.2141519278078],[-121.988069086662,37.2141569282746],[-121.988283086989,37.2141799276326],[-121.988405087159,37.2141799283027],[-121.988384086818,37.2140859275968],[-121.988973087496,37.2141159281644],[-121.989341087374,37.2141119278737],[-121.98950908712,37.2141109283572],[-121.989832087706,37.2141059275356],[-121.990058087482,37.21410192756],[-121.990275087241,37.2140919276214],[-121.990288087678,37.214266927558],[-121.990363087299,37.2152399277813],[-121.990385087723,37.2155149281767],[-121.990540088114,37.2207369281293],[-121.990834088275,37.2205019280059],[-121.991167087728,37.2204039281729],[-121.991886087922,37.2203059283371],[-121.991964088699,37.2203199283607],[-121.9921060881,37.2202269283801],[-121.99223808842,37.2200409280355],[-121.992223088393,37.2199989280489],[-121.992174088019,37.2198839286368],[-121.992174088342,37.2198229280855],[-121.992226088283,37.2197539281097],[-121.992319088079,37.2197079285884],[-121.99316608872,37.219982927934],[-121.993317088373,37.2199669285907],[-121.993167088563,37.2200939283561],[-121.993036088864,37.2202049285571],[-121.992512088388,37.2206459279046],[-121.992113088414,37.2209839284205],[-121.991600088789,37.2214399288305],[-121.991508088646,37.2215229280895],[-121.992077088305,37.2217279284519],[-121.992207087958,37.2219159281782],[-121.992329088625,37.222092928485],[-121.993027089045,37.2226869283925],[-121.993058088688,37.222712928821],[-121.993517089098,37.2231019280304],[-121.993591088377,37.2231649282431],[-121.995201089186,37.2245309281937],[-121.995940089509,37.2252179284745],[-121.995915089921,37.2255999286624],[-121.996142089267,37.2256159288055],[-121.996204089131,37.2256219281985],[-121.996622089108,37.2259989284103],[-121.996918089719,37.22613192841],[-121.996973089816,37.2261349280186],[-121.997073089536,37.2262449281871],[-121.997090089425,37.2263379282776],[-121.997086089763,37.2269569286164],[-121.997086089444,37.2270699289169],[-121.997173090113,37.2270149285744],[-121.9974830894,37.2268949286062],[-121.997723090307,37.2268149284924],[-121.998093089632,37.2267949285118],[-121.998493090259,37.2268349279761],[-121.998673090247,37.2267949281918],[-121.998913090335,37.226674928382],[-121.999092090459,37.2265589282353],[-121.999184089615,37.2266539282274],[-121.999202089634,37.2266729282801],[-121.999199090261,37.227165928479],[-121.999199090568,37.2271939286389],[-121.999194090153,37.2277039282659],[-121.999191090007,37.2277869282112],[-121.999341090362,37.2279049283909],[-121.999731090507,37.2282089285337],[-122.000325089909,37.2286759281487],[-122.001525090614,37.2296179283671],[-122.002685091194,37.2305389284423],[-122.003076090919,37.2308599281157],[-122.003193091408,37.2309549287283],[-122.003283090513,37.2310149280769],[-122.003383091638,37.2311049284805],[-122.003433091351,37.2311349279968],[-122.003537090954,37.2312219284513],[-122.004290091821,37.2318229287264],[-122.004262091092,37.2319139283032],[-122.004178091801,37.2319289281979],[-122.003910091544,37.2320579286077],[-122.00382609123,37.2322319285049],[-122.003791091616,37.2323699284653],[-122.003647091678,37.2324889288382],[-122.003583090903,37.2325549289202],[-122.003783091463,37.2326049288235],[-122.004253091546,37.2327549281249],[-122.004453091965,37.2328749282349],[-122.00457309189,37.2329749284954],[-122.004663091321,37.233104928146],[-122.004713091116,37.233284928418],[-122.004883091874,37.2336749280995],[-122.004683091556,37.2337849289971],[-122.004343091181,37.2342649289155],[-122.004183092,37.2345349286305],[-122.003903091031,37.2348149285543],[-122.003773091354,37.2349049289812],[-122.003013091186,37.2354549286045],[-122.002983091776,37.2355049285027],[-122.003013091499,37.2356149292871],[-122.003173091962,37.235904928759],[-122.003363091315,37.2363449286726],[-122.003493091387,37.2367149290171],[-122.003503092252,37.2367949287057],[-122.003493091275,37.236984929071],[-122.003503092058,37.2370749291921],[-122.003603091745,37.2372249293771],[-122.003703091494,37.2372949287011],[-122.003773091608,37.2373149290727],[-122.003863092395,37.2373249285393],[-122.00444309223,37.23721492905],[-122.004513092455,37.237214929013],[-122.004541091659,37.2373559290398],[-122.004523092546,37.2377829290478],[-122.004563091901,37.2379549293677],[-122.004641091854,37.2381519291764],[-122.004793092239,37.238544928881],[-122.004993091817,37.2389749291125],[-122.005103092441,37.239124928656],[-122.005123091934,37.2392049288177],[-122.005103092405,37.2392549289026],[-122.005037092104,37.239318928852],[-122.004886092733,37.2393639287196],[-122.00515509222,37.2399189290775],[-122.005188092931,37.2404569294305],[-122.005236092471,37.2404679292952],[-122.005367092835,37.2404569288009],[-122.00546509255,37.2404239291493],[-122.005700092232,37.2403449293532],[-122.005711092094,37.2403419292816],[-122.005939092111,37.2402589286252],[-122.00590309233,37.2402209286871],[-122.005807092134,37.2400009291814],[-122.00575209237,37.2398419288695],[-122.005560092018,37.2394349289902],[-122.005499092382,37.2392819288473],[-122.005409092169,37.2391169292277],[-122.005379091881,37.2389909287132],[-122.005286092228,37.2385999286969],[-122.005066092457,37.2381169292065],[-122.005039091546,37.237725928552],[-122.005053092424,37.2375559289528],[-122.005122092526,37.2374079292282],[-122.005288092065,37.2364849283546],[-122.005357091619,37.2361719283784],[-122.005364092159,37.2359459285164],[-122.005433091908,37.2355779287151],[-122.00554309142,37.2353369289629],[-122.005612092091,37.2352379286619],[-122.005693092297,37.2351559284558],[-122.005852091434,37.234995928629],[-122.005894091463,37.2349409287117],[-122.005949092093,37.2349079284285],[-122.006334092136,37.2344359288882],[-122.006355092398,37.2343749285982],[-122.006535092314,37.2341259282015],[-122.006699091373,37.2338979281066],[-122.006764091358,37.233828928421],[-122.007091092318,37.2334859283109],[-122.007279091912,37.2333549281786],[-122.00762909187,37.2331139282316],[-122.007648092241,37.233100928328],[-122.007920092326,37.2328759280474],[-122.008146092363,37.2326869285409],[-122.008204091596,37.2326399286198],[-122.008356091493,37.2325579279604],[-122.008706092268,37.2324369283396],[-122.008944092622,37.2323159281483],[-122.009077091954,37.2322499284184],[-122.00913909159,37.2322449282301],[-122.009212092651,37.2322019277607],[-122.009420092472,37.2320779277471],[-122.00948309185,37.232041928322],[-122.009658092377,37.2319579284732],[-122.009754091986,37.2319119278024],[-122.009953091785,37.2318169276296],[-122.010073092027,37.2317599276523],[-122.010292092294,37.2316559282221],[-122.010356092082,37.2316249278359],[-122.010883092824,37.2314649283457],[-122.011044092332,37.2313229275698],[-122.011105091864,37.2312069276735],[-122.01117409187,37.2309439276235],[-122.011195092191,37.2307349277622],[-122.011079092151,37.230135927445],[-122.011045091977,37.2298229274019],[-122.011051092367,37.2297089273444],[-122.011065092305,37.2294929274472],[-122.011179092344,37.2291039274411],[-122.011189092488,37.2290699273448],[-122.011320091858,37.2288559277127],[-122.011389091727,37.2286969281068],[-122.011406091822,37.2285629272835],[-122.011437091637,37.2283229280074],[-122.011438091633,37.2282779278768],[-122.011500091788,37.2268999275566],[-122.011495092249,37.2268779272166],[-122.011481092341,37.2268199274973],[-122.011466092372,37.2267569273581],[-122.011521091703,37.2263449276219],[-122.011631092252,37.2260369277692],[-122.011824092001,37.2257739277602],[-122.011858091646,37.2257379271113],[-122.011996091817,37.2255979270898],[-122.012099092072,37.2254059270408],[-122.0122440914,37.2252629270946],[-122.012250091749,37.2252079273166],[-122.012381091782,37.2250819275063],[-122.012396091285,37.2250609276891],[-122.012807091728,37.2244829270446],[-122.013048092191,37.224207926854],[-122.01306909124,37.2241589267942],[-122.01404509142,37.2237359266898],[-122.014347091588,37.2236489271265],[-122.014691092274,37.2235719265732],[-122.014794092023,37.2235329267277],[-122.014924092173,37.2235169273556],[-122.015034091525,37.2234619270555],[-122.015117092011,37.2234569267883],[-122.015557092211,37.2232259267],[-122.015784092369,37.2230719268666],[-122.016134091887,37.2229789270283],[-122.016546091915,37.2229739272252],[-122.016972092531,37.2230339265848],[-122.017227092754,37.2230339266803],[-122.01795509231,37.2229519264618],[-122.018134092961,37.2229139266991],[-122.018567092515,37.2227549262258],[-122.018786093053,37.222655926772],[-122.018910092583,37.2225459262492],[-122.019027092355,37.2223259264739],[-122.019130092098,37.2221669267076],[-122.020251092303,37.2211449265861],[-122.020603093024,37.2207549262298],[-122.02150709221,37.2201199265485],[-122.021544092503,37.2204619260839],[-122.022203092571,37.2210729259159],[-122.022998092703,37.2206819257202],[-122.023132092878,37.2199609265037],[-122.023083093139,37.2185919255161],[-122.023450092954,37.2179079260804],[-122.02459809262,37.2174189253135],[-122.024904092493,37.216832926055],[-122.024683092787,37.2158489256789],[-122.024639092498,37.2154129253208],[-122.024863093078,37.2151509257852],[-122.025203092896,37.214955925355],[-122.025369092272,37.2150439251257],[-122.025631092825,37.2153549259288],[-122.025794093227,37.2154839258249],[-122.025813092895,37.2155549258484],[-122.02585309291,37.2156349252428],[-122.025863093246,37.2156949253928],[-122.025883092742,37.2157149258373],[-122.02593309313,37.2157349253245],[-122.026023093067,37.2157449256908],[-122.026123092641,37.2157249258825],[-122.026273093404,37.215664925752],[-122.026413092665,37.2156249250659],[-122.026432092886,37.2156179255462],[-122.02650309331,37.2155949256403],[-122.026823093401,37.2155949253082],[-122.026963092487,37.2156049257193],[-122.027073092917,37.2156449251689],[-122.027163092857,37.2157149251545],[-122.027253093387,37.2159249252849],[-122.027343093211,37.21607492578],[-122.027523092881,37.2163049255625],[-122.027693092922,37.2165449251649],[-122.027763093578,37.2166549250371],[-122.027863093241,37.2167749257965],[-122.028093093509,37.2170249252094],[-122.028148093728,37.2171019253899],[-122.028243093335,37.2172349252476],[-122.028323093277,37.2173149254176],[-122.028373093373,37.2173749251247],[-122.028413093695,37.2174049255382],[-122.028483093177,37.2174449258118],[-122.028573092862,37.2174749253491],[-122.028753093785,37.2175249254655],[-122.028813093178,37.2175269251626],[-122.028857093419,37.2174239258959],[-122.028860093325,37.2174109254909],[-122.028766093894,37.216658925296],[-122.028774093582,37.2165269255779],[-122.028780093432,37.2164449257449],[-122.028828092918,37.2162359249217],[-122.028861093438,37.2161409254775],[-122.028897093305,37.2160439249468],[-122.02890209348,37.2160159255985],[-122.028924093802,37.215895925328],[-122.028931092798,37.2157089253138],[-122.028973092849,37.2154839254807],[-122.0290550928,37.2152529251539],[-122.029220093678,37.2144949249531],[-122.029222093659,37.2143999253098],[-122.029227093055,37.2141979252323],[-122.029255093225,37.2140219250701],[-122.029222093293,37.2135109247974],[-122.029207092838,37.213274925477],[-122.029256093122,37.2131159252106],[-122.029524092551,37.2125329249898],[-122.029668093298,37.2121319245723],[-122.02984009323,37.2115279245616],[-122.029834092821,37.2110719251237],[-122.029889092626,37.2105609250232],[-122.029951092821,37.2101379251303],[-122.030082092561,37.2096489243621],[-122.030108092615,37.2095879246486],[-122.030226092497,37.2093249246194],[-122.030267092588,37.2090719243295],[-122.030240093009,37.2087589247012],[-122.030233092673,37.2084949249441],[-122.030192092797,37.2083249246034],[-122.030124092763,37.2082199245562],[-122.030089092888,37.2081099249196],[-122.030089092869,37.2079949248691],[-122.029863091994,37.2078519246123],[-122.02980609218,37.2078299245478],[-122.029560092624,37.2077359244835],[-122.029162092567,37.2076099247834],[-122.028881091964,37.2074959248125],[-122.028578092562,37.2073739249529],[-122.02866109233,37.207296924268],[-122.029094091789,37.2070109244701],[-122.029231092308,37.2068789246211],[-122.030064092889,37.2063939241938],[-122.03013809211,37.2063519241772],[-122.030234092317,37.2062859246492],[-122.030757092589,37.2054179245188],[-122.030777092349,37.2053519242037],[-122.031266091875,37.2046989240218],[-122.031492092453,37.2044239243649],[-122.031719092354,37.2041989243729],[-122.031863092841,37.2041269237871],[-122.032008093006,37.2040829244325],[-122.032523091978,37.204082924031],[-122.032736092178,37.204110924452],[-122.032846092288,37.2041169242395],[-122.033340092118,37.2040229236358],[-122.033539092784,37.2039459239337],[-122.033732092632,37.2038309237805],[-122.033890093031,37.2036769238022],[-122.034137093246,37.2035779237991],[-122.034192092941,37.2035779239669],[-122.034302093136,37.2035399240229],[-122.034385092444,37.2035339237136],[-122.034735092421,37.203402924219],[-122.035072092961,37.2031939241431],[-122.035512093302,37.2028829235124],[-122.035697093342,37.2027219233536],[-122.035930092914,37.2026499234297],[-122.036478092342,37.2022279233974],[-122.036515093131,37.2021999234104],[-122.036686093081,37.202051923568],[-122.036831093427,37.2019909233271],[-122.037449092727,37.2018589239085],[-122.037902093115,37.2018049232672],[-122.038356093063,37.2016999236284],[-122.03894009332,37.2016459233],[-122.039230093552,37.2015859235612],[-122.039345092878,37.2015629230545],[-122.040100093,37.2015359232188],[-122.040183093852,37.2015469235671],[-122.04097309302,37.2013369233078],[-122.043343094298,37.2007089231581],[-122.044023093661,37.2005289230807],[-122.044134094344,37.2004999227486],[-122.044103093993,37.2006099233803],[-122.044013093941,37.2009439227947],[-122.043983094148,37.2010549229723],[-122.044093094293,37.2011749230741],[-122.044112094309,37.2011839230187],[-122.044173093602,37.2012149230544],[-122.044293094239,37.2012349232036],[-122.044383094369,37.2012449229436],[-122.044543093587,37.2012249227686],[-122.044651094529,37.2011939228714],[-122.044723093928,37.2011749230056],[-122.0448330946,37.2011749233385],[-122.04489209352,37.2012389232232],[-122.045073093658,37.2014309231263],[-122.045133093953,37.2014949227658],[-122.045233094344,37.2016749228989],[-122.045353094724,37.2018449228936],[-122.045404094281,37.2019259227831],[-122.045423094196,37.2019549228234],[-122.046116094665,37.2032819226784],[-122.046353094149,37.2037349232593],[-122.046383094432,37.2037849227636],[-122.046415094642,37.2038229229315],[-122.046493094443,37.2039149231117],[-122.046623095038,37.2039949234008],[-122.046673094513,37.2040179231896],[-122.046773094693,37.2040649232839],[-122.046930094632,37.2042399230147],[-122.047403095275,37.2047649234373],[-122.047561094653,37.204940922845],[-122.047707094472,37.2050549232763],[-122.048146095376,37.2053999233683],[-122.048293094611,37.2055149226792],[-122.048403094617,37.2055649228238],[-122.048553094978,37.2056549235064],[-122.048694095633,37.205755922815],[-122.048789094774,37.2058269228496],[-122.049074095566,37.2060409230523],[-122.04986309574,37.206634922982],[-122.049933095043,37.2066849230408],[-122.050223095033,37.2068949228505],[-122.050559095042,37.207123922858],[-122.051567096325,37.2078139227084],[-122.051903095698,37.2080449229267],[-122.05234609633,37.2083449225782],[-122.052663095943,37.2085599232348],[-122.053289095879,37.209009922856],[-122.053675095774,37.209242923325],[-122.053959096144,37.2094149230976],[-122.054116096427,37.2095469229045],[-122.054216096096,37.2096399229181],[-122.054520096538,37.2099199232121],[-122.054621096141,37.2100139233136],[-122.054802096676,37.2102669229668],[-122.05490709684,37.210776923429],[-122.054893096207,37.2112729231756],[-122.054979096542,37.2116209234096],[-122.055047096856,37.2121209227546],[-122.055100096907,37.212501922743],[-122.056283096825,37.2125859228061],[-122.056460096514,37.2125989234438],[-122.056791097581,37.2127069228731],[-122.05681309668,37.2127179232544],[-122.056879097375,37.2127509234156],[-122.056902096612,37.2127629232764],[-122.056966097253,37.2127949231961],[-122.057158097394,37.212891923384],[-122.057223097244,37.2129249226778],[-122.057688096767,37.2130339233006],[-122.05796109727,37.2130579226038],[-122.058417097563,37.2130759234354],[-122.058793098013,37.213050923186],[-122.059179097965,37.213016923128],[-122.059403097371,37.2129899227518],[-122.059605097478,37.2129339229685],[-122.059829098082,37.2128289225823],[-122.060122097274,37.2126739227032],[-122.060519098072,37.2123779228798],[-122.060964097167,37.2119749224731],[-122.061491098226,37.2114239230342],[-122.061913097562,37.2110279222733],[-122.062306097952,37.2107109224583],[-122.062788097403,37.2103699221809],[-122.062950098227,37.2103179227151],[-122.063068097708,37.2103179223943],[-122.063230098364,37.2102559228208],[-122.063533097646,37.2101229221487],[-122.063993097848,37.210115922124],[-122.064417098286,37.2101489225141],[-122.064925098155,37.2102189219054],[-122.065157098542,37.2102629223084],[-122.065480098406,37.2102879227029],[-122.065815098382,37.2103689220478],[-122.06594609853,37.2104179222878],[-122.066041098226,37.2105909226394],[-122.066163098816,37.2108449218535],[-122.066362098035,37.2110879223072],[-122.066513098688,37.2112399225804],[-122.066657098308,37.2113239223839],[-122.06675309837,37.2114529223646],[-122.066838098141,37.2115659220799],[-122.067174098721,37.2118859220011],[-122.067491098641,37.2122719222493],[-122.067751099347,37.2128059223513],[-122.067919098323,37.2132449224402],[-122.067912098784,37.2136779226905],[-122.067961098507,37.2140639221682],[-122.068250099221,37.2145209219868],[-122.068453098939,37.2147949221275],[-122.068650098906,37.2151049220265],[-122.068854098818,37.2153649226625],[-122.06913509894,37.2156029222543],[-122.069690099218,37.21625492243],[-122.070023099334,37.2166769220718],[-122.070124099266,37.216725922744],[-122.070265099708,37.2167839224926],[-122.071394099895,37.2171209223512],[-122.071565100346,37.2171889223049],[-122.071727100425,37.2172669219886],[-122.071916099904,37.2174229227445],[-122.072136099472,37.2176049223698],[-122.072193099589,37.2176519220048],[-122.072489100559,37.2179699220594],[-122.072703099969,37.2182439223319],[-122.072870100094,37.2185659228363],[-122.073163100532,37.2189069226487],[-122.073391099831,37.2190389222824],[-122.073867100774,37.2193359224526],[-122.074080099987,37.2194389228676],[-122.074432100458,37.2194679226102],[-122.074715100747,37.2196149222115],[-122.075028101071,37.2196289221372],[-122.075421100721,37.219647922757],[-122.075501101001,37.2196769224812],[-122.07565510045,37.219732922736],[-122.075923100255,37.2198319220412],[-122.076239100602,37.2199769220578],[-122.076629101258,37.2201989225907],[-122.076996101103,37.220541922413],[-122.077060101192,37.2206049223455],[-122.077132101233,37.2206739219994],[-122.07717510097,37.2207269227303],[-122.077328101094,37.2209119225695],[-122.077456100674,37.2211429224253],[-122.07753710167,37.221290922033],[-122.077674101621,37.2215449222633],[-122.077781101404,37.2217969225214],[-122.078142101839,37.2224139226875],[-122.078394100952,37.2226679225863],[-122.078502101399,37.2227919219921],[-122.07878710211,37.2229789220238],[-122.078999101433,37.2230979220858],[-122.079289101534,37.2231859222863],[-122.079703102238,37.2233349226619],[-122.080393102322,37.2233749219013],[-122.080559101367,37.2233749223867],[-122.080593101739,37.2233749223068],[-122.081333101932,37.2231949225715],[-122.081563101645,37.2231649225407],[-122.08182310157,37.2230749221266],[-122.082293102316,37.2229349221062],[-122.082843102229,37.2227449222447],[-122.083037102171,37.2227059217405],[-122.083703101996,37.2225749218126],[-122.083881102392,37.2225499216818],[-122.083977102274,37.2225349219636],[-122.084053101892,37.22252492207],[-122.084266101812,37.2224899219112],[-122.084363102816,37.2224749223284],[-122.084901102275,37.2225319215717],[-122.08587310222,37.2226349217375],[-122.086511102333,37.2227359220175],[-122.086715102363,37.2227689221618],[-122.08675310282,37.2227749221417],[-122.087047103363,37.2228149221972],[-122.087605103098,37.2228899218968],[-122.087713102462,37.2229049219286],[-122.089173103169,37.2231369219404],[-122.089273102634,37.2231529213428],[-122.089337102691,37.2231629214479],[-122.089396103193,37.2231729220784],[-122.089473102869,37.223184921674],[-122.089682103409,37.2232389217125],[-122.089823103418,37.223274921348],[-122.091593103437,37.2245949215781],[-122.092680103911,37.2254449218011],[-122.092690103786,37.2254849212414],[-122.093128104347,37.2278659217395],[-122.093382104375,37.2292449222015],[-122.093413104392,37.2292649222355],[-122.096755105479,37.2314869221609],[-122.096939104744,37.2315979217421],[-122.098683106104,37.2326549218846],[-122.098711106118,37.2326769216338],[-122.098799105294,37.2327349219083],[-122.098823105236,37.2327649214829],[-122.098993105294,37.2328949218742],[-122.099273105423,37.2330849217854],[-122.099523105377,37.2332049214185],[-122.099728105834,37.2332809216722],[-122.099793105718,37.2333049215379],[-122.100253105794,37.2334849213682],[-122.100413105474,37.2335549214349],[-122.100533105648,37.2335949220851],[-122.100923105823,37.2336649218741],[-122.10137310585,37.2337349221123],[-122.102583106823,37.2338479218604],[-122.102798106713,37.2338619220683],[-122.102843106065,37.2338649219278],[-122.103243106748,37.2339449215873],[-122.103593106236,37.2340249215611],[-122.103812107089,37.234115922008],[-122.103896107037,37.2341509213874],[-122.103953106739,37.2341749219573],[-122.104156107095,37.2342449212356],[-122.104243106747,37.2342749218593],[-122.104373106534,37.2359649214509],[-122.104686107316,37.237344921796],[-122.104831107169,37.2378859218389],[-122.105010107248,37.238554922167],[-122.105173107517,37.2391849216842],[-122.105563107044,37.240674921668],[-122.105566107727,37.2406889220256],[-122.105579107873,37.2407309216103],[-122.10558310782,37.2407449222749],[-122.106406108324,37.2415979220461],[-122.108383108266,37.2436449222831],[-122.108503108494,37.2437849217935],[-122.108894108431,37.2441389221219],[-122.109773109199,37.2449349220717],[-122.109913108673,37.245114921777],[-122.11002310917,37.245214921757],[-122.110153108878,37.2452949218722],[-122.110253108719,37.2453649224957],[-122.110393108541,37.2455349218863],[-122.110831108585,37.2462309220969],[-122.11236310947,37.2486649225655],[-122.112403109172,37.2487649225587],[-122.112543110073,37.2489949225566],[-122.112703109283,37.2492249226602],[-122.112963109807,37.249584922231],[-122.113103109589,37.2497349226194],[-122.113253109294,37.2498849224727],[-122.113782110129,37.2503269223839],[-122.115083109653,37.2514149220093],[-122.115493110141,37.2517649219705],[-122.115841109845,37.2520319219846],[-122.116053110389,37.2521949222534],[-122.116443110614,37.2524249221909],[-122.116523110595,37.2524949225951],[-122.116683110708,37.2526849220664],[-122.116780110842,37.2528119225351],[-122.117538110846,37.2538019222416],[-122.117812111098,37.2541609227492],[-122.118197111125,37.2546639224134],[-122.118449110902,37.2548999219028],[-122.119011110867,37.2556039222721],[-122.119405111731,37.2560979224573],[-122.119924112007,37.2567469224734],[-122.1201091121,37.2569779225032],[-122.120533111242,37.257280921966],[-122.120849112129,37.2575659221824],[-122.120867111556,37.2575819223584],[-122.120948111524,37.2576599222111],[-122.121064111873,37.2577729221311],[-122.121250111693,37.2579439220317],[-122.121516112124,37.2581749226353],[-122.121542112315,37.2582529220214],[-122.121624112362,37.2584869226088],[-122.121651112266,37.2585649221393],[-122.121782111806,37.2585669222295],[-122.121846111517,37.2585939219985],[-122.122051111638,37.258621922522],[-122.122217112418,37.2586759223629],[-122.122440112,37.2588209222686],[-122.122540112362,37.2588799224225],[-122.122568111917,37.2588959221092],[-122.12259211191,37.258932922198],[-122.122611111671,37.2589479225615],[-122.122733112165,37.2590449220316],[-122.123023112726,37.2592649227036],[-122.123263112036,37.2594349226705],[-122.123633112211,37.2596449224369],[-122.12389111239,37.2597119225054],[-122.123943112333,37.2597249226296],[-122.124103112318,37.2597249222713],[-122.124283112546,37.2597149220626],[-122.124513112702,37.2596849218476],[-122.12531311207,37.2594249218088],[-122.125538112577,37.2593679223196],[-122.125673112616,37.2593349226121],[-122.125833112705,37.2593249219373],[-122.125983112406,37.2593249222531],[-122.126233112512,37.2593449218971],[-122.126443112724,37.2593749221542],[-122.126600112484,37.2593889220628],[-122.126663112266,37.2593949216982],[-122.126833113077,37.2593849217824],[-122.126930113241,37.2593709222037],[-122.127043113437,37.259354922327],[-122.127163113318,37.2593249218636],[-122.127916112736,37.2592319217554],[-122.128246112687,37.2591919219674],[-122.128273112576,37.2591949222165],[-122.128403112589,37.2592249220452],[-122.128543113477,37.2592749223371],[-122.128733113648,37.2593649223275],[-122.128963113584,37.2595049223315],[-122.12915611292,37.2596049217649],[-122.129213112837,37.2596349223428],[-122.129463113307,37.2597849222815],[-122.12967311289,37.2599049221242],[-122.129873113413,37.259994922195],[-122.1300931139,37.2601149222464],[-122.130323113316,37.2602049216853],[-122.130893113044,37.2604749223445],[-122.131293114062,37.2607149222451],[-122.13167311381,37.2609349214918],[-122.13181411366,37.2610299220924],[-122.132043113638,37.2611849217388],[-122.132313114383,37.2613949214803],[-122.132463113981,37.2615749215324],[-122.132544113596,37.2617069222869],[-122.132573113725,37.2617549221013],[-122.132621114148,37.261818922213],[-122.132663113998,37.2618749215175],[-122.132783114326,37.2620049218831],[-122.132900114085,37.2621199218049],[-122.133015113698,37.2621959220488],[-122.133043114544,37.2622149220244],[-122.133313114226,37.2623549219932],[-122.133471114125,37.2624259216135],[-122.133803114499,37.2625749218884],[-122.133993114792,37.2626649217819],[-122.1341331142,37.2627449222307],[-122.134243114082,37.2628349214359],[-122.134323113936,37.2629149217141],[-122.134473114911,37.2631049217831],[-122.134616114093,37.263371922279],[-122.134826114895,37.2638399216624],[-122.134876115032,37.2639259218008],[-122.135027114617,37.2641859215784],[-122.13503411425,37.2641969223474],[-122.135026115089,37.2642849223685],[-122.135174115224,37.2646149220964],[-122.135313115171,37.2649249216228],[-122.135563114571,37.265414921649],[-122.135686115232,37.2655689222346],[-122.135723114346,37.2656149222889],[-122.135863115472,37.2657449223844],[-122.135960114376,37.265802921614],[-122.136125114939,37.2659069220242],[-122.136233114811,37.2659749221859],[-122.136533114585,37.2660849224201],[-122.136662114619,37.266135921698],[-122.136844114927,37.2662079221299],[-122.13701311489,37.2662749223791],[-122.137071115622,37.2663009222883],[-122.13723311473,37.2663749217562],[-122.137493115564,37.2665349216455],[-122.137694115777,37.26668892184],[-122.137890115119,37.2668389218401],[-122.138035115531,37.2669499215495],[-122.138093115193,37.2669949217596],[-122.138263115899,37.2671849222755],[-122.13838911595,37.2673679217122],[-122.138463116015,37.2674749220878],[-122.138496115697,37.267517922076],[-122.13858711594,37.2676349216729],[-122.138803116093,37.2679149224199],[-122.13887011522,37.2679799220461],[-122.138882116197,37.2679919223879],[-122.138977115135,37.2680849215934],[-122.139003115353,37.2681099220352],[-122.139083115566,37.2681879216013],[-122.139110115557,37.2682139217529],[-122.139173115266,37.2682749222915],[-122.13920311567,37.2683049222068],[-122.139303115532,37.2683949221098],[-122.139373115652,37.2684489220001],[-122.1394441155,37.2685029218718],[-122.139574115751,37.2686019221178],[-122.139632115253,37.2686459218972],[-122.139683115828,37.2686849220841],[-122.13976311579,37.2687349221638],[-122.139852115916,37.2687849223067],[-122.139990115609,37.268863921748],[-122.140133116249,37.268944922288],[-122.140543115731,37.2691049217607],[-122.140833115582,37.2692149221497],[-122.141039115872,37.2692619219192],[-122.141753115695,37.2694249215136],[-122.141984115863,37.2694969222298],[-122.142333116029,37.2696049220095],[-122.14281311634,37.2697349219459],[-122.14322311635,37.2698349216603],[-122.143673116064,37.2699749220266],[-122.143818116492,37.2700259215085],[-122.143843116946,37.2700349219863],[-122.14397311637,37.2700949216885],[-122.144163116673,37.2702149213641],[-122.144579116758,37.2706019221279],[-122.144603116695,37.2706249220215],[-122.14470311652,37.2707249218166],[-122.144734116568,37.2707559218697],[-122.144870117148,37.2708919217719],[-122.144963116652,37.2709849217935],[-122.145095116408,37.2711299216671],[-122.145373116479,37.2714349215702],[-122.146103116741,37.2722649219497],[-122.146132117302,37.2723009220683],[-122.146343117116,37.2725649216749],[-122.146444116877,37.2727189214463],[-122.146504117114,37.272809922234],[-122.146553116797,37.2728849218116],[-122.146813116924,37.2733149216484],[-122.147173117904,37.2738949221989],[-122.147353117604,37.2742019216592],[-122.147443117933,37.274354922327],[-122.147573118211,37.2745249222854],[-122.1476531177,37.2746049220118],[-122.147678117597,37.2746349219257],[-122.14773211811,37.2747039216057],[-122.148132117563,37.275215921754],[-122.148375117487,37.2754559221943],[-122.148651117838,37.2756439217937],[-122.149186118093,37.2758509215586],[-122.149814117953,37.2758929217594],[-122.150552117936,37.2758879222695],[-122.15057311825,37.2759649217663],[-122.150583118688,37.2761049218236],[-122.150583117877,37.2762049216492],[-122.150533118038,37.2764649220169],[-122.150383117798,37.2766949222442],[-122.150193118775,37.2768849223194],[-122.149937118655,37.2770739215932],[-122.149393117782,37.2774749219152],[-122.149343117909,37.2775349221257],[-122.149313118473,37.2776349220027],[-122.149304117906,37.2777839225094],[-122.149293118107,37.2779749217229],[-122.149323118225,37.2781649221931],[-122.149343118885,37.2782249223612],[-122.149503118537,37.278844922596],[-122.149463118819,37.2790549217672],[-122.149413117915,37.2791749225475],[-122.149273118006,37.2793749219737],[-122.148973118489,37.2797349223216],[-122.148863117951,37.2799049227163],[-122.148791117931,37.2800659224577],[-122.148773119009,37.2801049220539],[-122.148683118996,37.2803649227602],[-122.148675118522,37.2805489227671],[-122.148673118459,37.2806149225685],[-122.148673118467,37.2808249226206],[-122.148703118241,37.2810049224595],[-122.148763118533,37.2812149225804],[-122.148883118138,37.2814549220735],[-122.148923118785,37.2815049222022],[-122.14903311839,37.2816749227376],[-122.149234118408,37.2818839223466],[-122.149493119048,37.2821049224822],[-122.149653119098,37.282214922286],[-122.149853118907,37.2823349225722],[-122.150393118562,37.2826049223078],[-122.150469119053,37.2826799228578],[-122.150916118623,37.2832169222001],[-122.151040118685,37.2833839225489],[-122.151132119091,37.2835279220677],[-122.151218118717,37.2836949225096],[-122.151342119428,37.2839759226563],[-122.151479119102,37.2843739226786],[-122.151546118967,37.2845989228304],[-122.151552119683,37.2846769221156],[-122.151564119535,37.2848219221145],[-122.151588119347,37.2850939228406],[-122.151597119725,37.2852609229542],[-122.151584119658,37.2853509229981],[-122.15211011907,37.2855569224808],[-122.152173119828,37.2855819223594],[-122.152223119724,37.2856049221326],[-122.152263119335,37.2859049221911],[-122.152273119407,37.2859449222682],[-122.152291120031,37.2860599222909],[-122.15235512002,37.2852419226803],[-122.152385120002,37.2848529225638],[-122.152459119827,37.2827839219404],[-122.152488119725,37.2819659221268],[-122.152488119102,37.2814789222862],[-122.152488118709,37.2729999210841],[-122.152488118122,37.2719049213826],[-122.152488117672,37.2718479216437],[-122.152587116676,37.2600069204524],[-122.152589116432,37.2597219199869],[-122.152590116408,37.2594359198842],[-122.152621116404,37.2552169198435],[-122.152652115298,37.2509979199859],[-122.152662115939,37.2496649194219],[-122.15266911517,37.2496319191284],[-122.152666115187,37.2488829191162],[-122.152665116092,37.2485929197366],[-122.15268211563,37.2475739195911],[-122.152688114986,37.2472449188427],[-122.15268711534,37.247146918865],[-122.152650115309,37.2443259191648],[-122.152646114951,37.2440399187245],[-122.152615114737,37.2437259190061],[-122.152360115007,37.2410299191557],[-122.15234711475,37.240889918641],[-122.152329114334,37.2407779187983],[-122.152224114956,37.2401179186121],[-122.15218811463,37.2398929182387],[-122.152169114747,37.2397739186252],[-122.152086114916,37.238622918911],[-122.151814113436,37.2348099183388],[-122.151724113501,37.2335399183352],[-122.151673113689,37.2328369176641],[-122.151520113768,37.2307299180879],[-122.151470113752,37.2300279175394],[-122.151463113329,37.2299569174489],[-122.151496112932,37.2296319174417],[-122.151619113467,37.2284439179593],[-122.151660112656,37.2280489177636],[-122.151663112795,37.2280069175539],[-122.151676112595,37.2278839175075],[-122.151681113424,37.2278429177105],[-122.151813112855,37.2272519176529],[-122.152213113348,37.2254799170382],[-122.15228811283,37.2251489174524],[-122.152355112778,37.2248919177002],[-122.152404113208,37.2247019171986],[-122.15260211272,37.223932917219],[-122.152987112742,37.2224489171052],[-122.152927112267,37.2210139170738],[-122.152892112393,37.2201549172703],[-122.152887112466,37.2200489167434],[-122.152887112758,37.2200249171245],[-122.152886112579,37.2192359164934],[-122.152887111691,37.2168699167473],[-122.152887111927,37.2162489165259],[-122.15287011193,37.216106916431],[-122.152866111957,37.2160829163339],[-122.152865111454,37.21607291653],[-122.152798111496,37.2155399161625],[-122.15278711235,37.2154489165119],[-122.154336112359,37.2154489167595],[-122.154883112708,37.2154489165916],[-122.154918112428,37.2154489166816],[-122.154989111921,37.215448916703],[-122.155016112296,37.2154489159673],[-122.15510111258,37.2154489159271],[-122.155484112806,37.2154489167473],[-122.156888112311,37.2154489161724],[-122.15735711308,37.2154489166328],[-122.15818811312,37.2154489159353],[-122.159347113374,37.215430916108],[-122.160507112699,37.2154139162413],[-122.164806113794,37.2153499156635],[-122.164896113327,37.2153499156853],[-122.171488115177,37.2152539150072],[-122.172766114804,37.2151989147968],[-122.17286211481,37.2151949154094],[-122.173471114774,37.2151699147142],[-122.17383711504,37.2151919145939],[-122.174726114719,37.2152469152177],[-122.17493811525,37.2152599150781],[-122.175305114887,37.2152829152989],[-122.175467114876,37.2152859147306],[-122.176112115728,37.2152739149786],[-122.1785311161,37.2152309149664],[-122.180428115965,37.2152859147354],[-122.180941116093,37.2152659142766],[-122.180957116091,37.2152679145107],[-122.180981115936,37.2152689149524],[-122.180995115642,37.2152689146196],[-122.181017116611,37.215278914187],[-122.181091116106,37.215272914507],[-122.181314116521,37.2152649147979],[-122.181389116327,37.2152489145856],[-122.184237117117,37.2152489144151],[-122.186489117079,37.215248913684],[-122.191590117488,37.2152489141064],[-122.19278311789,37.2152489132514],[-122.193611118187,37.215248913778],[-122.195632118751,37.2152489133015],[-122.197963118763,37.2152489128994],[-122.204958120166,37.2152489126926],[-122.207290119932,37.2152489125021],[-122.208094120688,37.2152469126962],[-122.208882120472,37.2152449122553],[-122.213659121469,37.215233912334],[-122.215252121634,37.2152309123123],[-122.215479121235,37.2152339123524],[-122.216160121266,37.2152459117652],[-122.21629112119,37.2152489123853],[-122.21638712118,37.2152399124273],[-122.216414121946,37.2152369120275],[-122.216496120926,37.2152299123839],[-122.216524121735,37.2152279119517],[-122.216697121388,37.2152119116353],[-122.216841121238,37.2151989119461],[-122.217086121216,37.2151769119116],[-122.217276121818,37.2151599116549],[-122.217391121766,37.2151489116398],[-122.217892121846,37.2151469121704],[-122.218791122154,37.2152489115543],[-122.219192121811,37.21519191172],[-122.219569121705,37.2151419121717],[-122.219942121957,37.2150919114048],[-122.22023412215,37.215080911731],[-122.220335121958,37.2150739118749],[-122.221459122418,37.215100911271],[-122.222372122255,37.2151699114688],[-122.222503121789,37.2151799115299],[-122.222543122501,37.2151829117376],[-122.222672122687,37.2151869118551],[-122.222705122121,37.2151949120023],[-122.222819122673,37.2152029114574],[-122.223163122642,37.2152299115189],[-122.223278122335,37.215238911391],[-122.223445122202,37.215215911757],[-122.223949122521,37.2151469111017],[-122.224117122158,37.215124911353],[-122.224464122758,37.2151669115132],[-122.225508122844,37.2152939116712],[-122.22585612302,37.2153369113249],[-122.225878122361,37.215336911631],[-122.225945122564,37.2153359111208],[-122.22596812311,37.215335911564],[-122.226145123267,37.2153339116265],[-122.230876123362,37.215201911142],[-122.231304123815,37.2151779112768],[-122.231753124301,37.2151899113413],[-122.23214512424,37.2152019107598],[-122.233471123802,37.2152389108693],[-122.234769123806,37.2151289105259],[-122.234878123731,37.2151289108037],[-122.235090123816,37.215126910974],[-122.23530212389,37.2151249107666],[-122.23575512383,37.2151349110406],[-122.236010124687,37.2151419103653],[-122.237609124081,37.215145910135],[-122.237804124183,37.2151439104353],[-122.239990124465,37.2151209105831],[-122.240471125305,37.2151159100534],[-122.242486125364,37.2151379100042],[-122.242586125162,37.2151389098282],[-122.242587125219,37.2150529102517],[-122.242592125207,37.2134129100586],[-122.242590125263,37.2120939100017],[-122.242692124326,37.2107529098371],[-122.242688124843,37.2106109098661],[-122.242597124972,37.2077019098722],[-122.242637123921,37.207008909152],[-122.242764124159,37.2048419089164],[-122.242762124298,37.2047429096502],[-122.24275912371,37.2045699093232],[-122.242715124529,37.2024469092264],[-122.242672123213,37.2003239092083],[-122.242672123441,37.2001499090624],[-122.24267312351,37.200040908727],[-122.242668123385,37.199630908617],[-122.242666123109,37.19945790904],[-122.242651123223,37.1982419085238],[-122.242610123498,37.1945939080122],[-122.24259712285,37.1933779081771],[-122.242596122575,37.1932939085546],[-122.242595122805,37.1932149085651],[-122.242593122839,37.193041907858],[-122.242593122675,37.1929589080072],[-122.242592122357,37.192891908609],[-122.242592122786,37.1928589078884],[-122.242592123295,37.192808907835],[-122.242595123243,37.1926939080054],[-122.242598122355,37.1926279084857],[-122.242612122799,37.192109908435],[-122.242658122301,37.1905569078183],[-122.242673122042,37.190039908214],[-122.243261122974,37.1900109078562],[-122.244104122594,37.1899709075396],[-122.245025122807,37.1899279081345],[-122.245614123542,37.1898999075663],[-122.245725123376,37.189894907473],[-122.246059122922,37.189886907522],[-122.247397123581,37.1898579074037],[-122.247792122894,37.1898499073281],[-122.247843123211,37.1898499075089],[-122.247995122872,37.1898489073089],[-122.248454123455,37.1898489074071],[-122.2486071233,37.1898489079524],[-122.250934123995,37.189847907611],[-122.257915125305,37.1898479070256],[-122.260243124818,37.1898479068201],[-122.262548125931,37.1898479064645],[-122.264794125399,37.1898479067089],[-122.268894126161,37.189847905883],[-122.269458126283,37.1897589065442],[-122.271737126574,37.1894049055258],[-122.273185127409,37.1891789061462],[-122.277532127327,37.1885019054296],[-122.278564127769,37.1883419052597],[-122.278982127502,37.1882769050695],[-122.280429127486,37.1880509050558],[-122.284294128806,37.1874499049758],[-122.284771128343,37.18737190526],[-122.286077128398,37.1871599043546],[-122.286218128288,37.1871369046169],[-122.286710128334,37.1870559043781],[-122.288187129563,37.1868159046219],[-122.288594129396,37.1867499041223],[-122.288681128794,37.1867509042336],[-122.295025130143,37.1867979043493],[-122.295815130257,37.1868029036307],[-122.301894131666,37.1868499035179],[-122.306195131955,37.1868499034775],[-122.314059132433,37.1869179028009],[-122.317695133907,37.1869499028338],[-122.317296132679,37.1842709019635],[-122.317235133537,37.1838649024496],[-122.317076133116,37.1827999017791],[-122.317054132742,37.182647902228],[-122.317010132396,37.1823509023859],[-122.316994132642,37.1822429016929],[-122.316810132529,37.1808999018715],[-122.316259131952,37.1768729017253],[-122.316076131824,37.1755309016257],[-122.315938131688,37.1745219017631],[-122.315524131194,37.1714969016856],[-122.315395131096,37.1705499009784],[-122.315380131068,37.1704899009671],[-122.315374131472,37.1704669016259],[-122.31535613103,37.1703949016164],[-122.315326130938,37.170273900909],[-122.315321131348,37.1702539011939],[-122.31530213119,37.170179901312],[-122.315295131,37.1701499014599],[-122.315288131139,37.1701079016355],[-122.31457713075,37.1655179005235],[-122.313479129946,37.1584238999426],[-122.312765129549,37.15381390035],[-122.312488129296,37.1520238996483],[-122.312446128288,37.1517538995648],[-122.311795128129,37.1475498999141],[-122.311582128602,37.1472268993685],[-122.311449127895,37.1470248994922],[-122.311050127807,37.1464188998589],[-122.310918128101,37.1462178995069],[-122.31075912811,37.1459768995517],[-122.310285127532,37.145256899738],[-122.310128127758,37.1450168994354],[-122.309973127688,37.1447808996458],[-122.309508127827,37.1440748995481],[-122.309354127474,37.1438398991136],[-122.309295127624,37.1437508997698],[-122.308675127834,37.142802899712],[-122.306642126096,37.1396938989734],[-122.305965126233,37.1386578995038],[-122.30591712601,37.1385848991884],[-122.305895125877,37.1385508992341],[-122.305839126053,37.1384678989399],[-122.305773126063,37.1383698990219],[-122.305725126291,37.1382988990758],[-122.305112126389,37.137388899517],[-122.303273125492,37.134658898684],[-122.302661125339,37.1337498987628],[-122.302595125761,37.1336508991498],[-122.302047125581,37.1328058991567],[-122.300686124829,37.1307058984991],[-122.300629124257,37.1306188990054],[-122.300573125027,37.1305318989863],[-122.300210124661,37.1299708991181],[-122.299598124678,37.1290268988955],[-122.299257123892,37.1285018986513],[-122.297561124047,37.1260008991499],[-122.296503123153,37.1243908990259],[-122.293264122527,37.1194588987468],[-122.293250122697,37.1194628982536],[-122.291037122047,37.1161108982759],[-122.290961121813,37.115897898282],[-122.289395120904,37.11347689815],[-122.28978912132,37.1127798983248],[-122.29175712064,37.1090978975569],[-122.292100121386,37.1085348976184],[-122.292357121154,37.1081128971889],[-122.292545121039,37.107803897867],[-122.292595121421,37.1077518977158],[-122.292670120583,37.1076708972323],[-122.292821120513,37.1075088974644],[-122.292893121429,37.1074328978351],[-122.292965121048,37.1073568972831],[-122.293771120456,37.1060998969221],[-122.293821120961,37.1060128975593],[-122.293872121211,37.1059248970726],[-122.294900120413,37.1041508968888],[-122.296647120363,37.101142897057],[-122.299423121177,37.0963608960142],[-122.302320120827,37.0880418955594],[-122.3110131189,37.0630868927406],[-122.313912118632,37.0547688917374],[-122.323562120183,37.0538628911288],[-122.32672712007,37.0538628905696],[-122.336427122079,37.0538628900537],[-122.348221124036,37.0556768893588],[-122.360016125425,37.0583978887936],[-122.364543126618,37.0600988881083],[-122.369664127944,37.0620248885282],[-122.376099128899,37.0656528877016],[-122.38172212985,37.0714858883293],[-122.385752131361,37.0758978884508],[-122.386323131741,37.0766858881983],[-122.38943413274,37.0809788888449],[-122.393140133912,37.0871688885368],[-122.395371134846,37.0937458890816],[-122.396888136018,37.1027688893816],[-122.397399136661,37.1070408898813],[-122.396929136293,37.1098928902293],[-122.404408137909,37.1139378901756],[-122.405076138918,37.1144598905446],[-122.409291139551,37.1177538900171],[-122.413375140357,37.1217958902381],[-122.415762140861,37.124951890031],[-122.417756141654,37.1291608904389],[-122.419770142542,37.1318868909418],[-122.421360143114,37.1350818910643],[-122.428480144482,37.1377598906165],[-122.439354146868,37.1446688905375],[-122.445211148079,37.149671890464],[-122.445645149013,37.1500418901303],[-122.451526150398,37.1582498910135],[-122.453366150422,37.1616828911993],[-122.455439151919,37.166606891037],[-122.458663152819,37.1697838911767],[-122.461047152903,37.1733248911245],[-122.46413015444,37.1778528911689],[-122.465923155018,37.1818608916727],[-122.468066155769,37.1879688917576],[-122.46858515655,37.1934848922503],[-122.468514156861,37.1958178923221],[-122.469474157284,37.1994448930516],[-122.470529157425,37.2021608932625],[-122.471596158718,37.207309893068],[-122.47224815899,37.2122188934985],[-122.475551160499,37.2161068940832],[-122.479084161056,37.2216868939032],[-122.4817161629,37.2291518942181],[-122.483155163417,37.2347448947759],[-122.483695164398,37.2420868954068],[-122.48405916575,37.2499488955865],[-122.483096166092,37.2589048964952],[-122.481787167255,37.2710928979245],[-122.476107169224,37.294156900427],[-122.475301169208,37.2978689004618],[-122.474708169603,37.300597900709],[-122.472928170678,37.3087869017187],[-122.472336169869,37.3115169018336],[-122.472328170333,37.3115559021552],[-122.472286170825,37.3117479018647],[-122.472263170254,37.3118529017427],[-122.471625171157,37.3147929025898],[-122.468891171527,37.3273829038768],[-122.465882173254,37.341244904542],[-122.467018174235,37.349893905234],[-122.471562175059,37.358542905925],[-122.47437517694,37.3638129059995],[-122.480320178446,37.3749469066977],[-122.480382178206,37.3750629069246],[-122.480444179287,37.3751789070936],[-122.484118179483,37.3820609070051],[-122.487467181341,37.3883329074295],[-122.496689183859,37.4017659081791],[-122.501105185146,37.4081979080248],[-122.503096186138,37.4112109076833],[-122.50355618661,37.4119069079065],[-122.505908187042,37.4170949083815],[-122.507247187724,37.4211849081985],[-122.507747188342,37.4227109083205],[-122.508054188704,37.4246939086048],[-122.508428188387,37.4271069087962],[-122.509364189075,37.4314049090535],[-122.509985190534,37.4368049100706],[-122.509929190074,37.4399869096687],[-122.509902190035,37.4415589100947],[-122.514605191897,37.4425229097822],[-122.527609193908,37.4461009087906],[-122.537351195285,37.4507429084588],[-122.54700919748,37.4578619086227],[-122.549600199124,37.460541908702],[-122.55297419998,37.4640309085802],[-122.559537201277,37.4698709087872],[-122.560817201536,37.4711669086572],[-122.563006201985,37.4733829086349],[-122.56389020283,37.4742779087609],[-122.568108203032,37.4792189094574],[-122.568869204116,37.480616908831],[-122.57035920427,37.4833539093219],[-122.570971204438,37.4844769089484],[-122.572790205557,37.4891869093481],[-122.573432206124,37.4936489098716],[-122.574068206628,37.4985129100695],[-122.574976206384,37.4999479100577],[-122.575089207543,37.5010689101592],[-122.577853210158,37.5283849122826],[-122.579576212258,37.5458799137638],[-122.583787215004,37.5556809140446],[-122.586467215856,37.5619179148942],[-122.587621217204,37.5736409152232],[-122.587895217645,37.5764289157037],[-122.588190218023,37.5794129156773],[-122.587485217862,37.5847749166148],[-122.587121218772,37.5875539164693],[-122.586801218349,37.5899859170026],[-122.586467219413,37.5925339171877],[-122.584829219208,37.5970369176223],[-122.583991219841,37.5993429181904],[-122.58303821913,37.601958918069],[-122.580183219788,37.6098089190311],[-122.579573220706,37.6114889191892],[-122.579179219845,37.6124049190716],[-122.578245220758,37.6145749196545],[-122.575446220746,37.6210879201427],[-122.574514220471,37.6232589204473],[-122.573900221181,37.6246859204958],[-122.572679220638,37.6275259209922],[-122.572043221495,37.6289599215242],[-122.571414221078,37.630380921578],[-122.570171221321,37.633183921863],[-122.567510221516,37.6391899218904],[-122.567807221434,37.6418039227515],[-122.568155222766,37.6448519222446],[-122.568415222686,37.6471369224206],[-122.569195223277,37.6539919229931],[-122.569456223496,37.6562779234025],[-122.569662224142,37.65808992321],[-122.570280224402,37.6635249243389],[-122.570487224628,37.6653379244033],[-122.555542222501,37.6652819249901],[-122.550490221771,37.6652639259329],[-122.510707216195,37.6655389281068],[-122.500160214809,37.6656119296661],[-122.498590214045,37.6656179292804],[-122.496526214654,37.6656269297206],[-122.496380213996,37.6656289293621],[-122.496310214466,37.6656279299799],[-122.496240214067,37.6656279294263],[-122.496121213895,37.6656279300003],[-122.495942213671,37.6656289295748],[-122.495763213472,37.6656299297806],[-122.495668213654,37.665612930101],[-122.495564213916,37.6655249297134],[-122.495534214363,37.665456930009],[-122.495502214158,37.6653819296854],[-122.495460213979,37.6651899295315],[-122.495260214365,37.6650689295389],[-122.49522521375,37.6649759296295],[-122.495165214267,37.6646729293492],[-122.495106213195,37.6643729299666],[-122.494815213843,37.6643809299081],[-122.493945213418,37.6644089294713],[-122.493756213377,37.6644159294627],[-122.4936962139,37.6643559300736],[-122.493318213231,37.6639739296723],[-122.492881213299,37.6635329297748],[-122.49281321354,37.6634709298271],[-122.492634213463,37.6633399296017],[-122.492540212702,37.6632579301131],[-122.492502213371,37.6632169295012],[-122.492470213505,37.6631769295945],[-122.491950212895,37.662538929757],[-122.491777213076,37.6623269297242],[-122.491731213149,37.6622699294742],[-122.491718213405,37.6622509296678],[-122.491572212492,37.662119929806],[-122.491456213366,37.6620189299661],[-122.49137921309,37.6619499295039],[-122.491216212457,37.6618059293167],[-122.491021212254,37.6616239299444],[-122.490961212469,37.6615679300713],[-122.490795212273,37.6614239297178],[-122.490682212413,37.6613449295999],[-122.490484212735,37.6612199299142],[-122.490220213084,37.6611029297227],[-122.489867212075,37.6609969297263],[-122.489680212939,37.6609599297032],[-122.489471212508,37.6609409292758],[-122.489051212988,37.6609279293691],[-122.488626211958,37.6609219295151],[-122.488238212566,37.6609129294507],[-122.488066212055,37.6609089296884],[-122.487932212174,37.6609069297362],[-122.48777321192,37.6609129301934],[-122.487593212378,37.6609309295306],[-122.487340212128,37.6609849294955],[-122.487123211848,37.6610559301745],[-122.486442211604,37.6612969299845],[-122.485971212239,37.6614629301745],[-122.485757211515,37.661504929956],[-122.485652211558,37.6615769297523],[-122.485573212573,37.6616259303437],[-122.485502211823,37.6616729298566],[-122.485424211997,37.6617369301074],[-122.484741211677,37.6624939297666],[-122.485618211914,37.6634619301609],[-122.48570121251,37.6637939305817],[-122.485715212786,37.6640039305733],[-122.485738212027,37.6643159302658],[-122.485529212754,37.664297930606],[-122.485465212084,37.6642919301933],[-122.485264212597,37.6642929300394],[-122.485029211843,37.6642939304419],[-122.48509421223,37.6644879304852],[-122.485181212823,37.6648089300746],[-122.485212212239,37.6650089303693],[-122.485239212491,37.6652029306694],[-122.485254212574,37.6654009300199],[-122.485257212713,37.665465930512],[-122.485254212311,37.6656619300109],[-122.485288212603,37.6656659307785],[-122.485333212518,37.665671930156],[-122.485237212084,37.6658639300083],[-122.485125212164,37.6660809301233],[-122.484880212104,37.6663729304774],[-122.484683212679,37.6665219303284],[-122.484295212806,37.6666499309572],[-122.483991212117,37.6667089302547],[-122.48384821205,37.6667189303132],[-122.483501212805,37.6667489304465],[-122.483128212537,37.6667619309886],[-122.482674211844,37.6666939303543],[-122.482484212364,37.6666089302815],[-122.482218211994,37.666465930734],[-122.481611211536,37.6661389304999],[-122.481294212362,37.6658719304001],[-122.480983212125,37.6656009302716],[-122.480540211513,37.665196930663],[-122.480363211214,37.6650189305691],[-122.480068211439,37.6647219305341],[-122.479417211613,37.6640679311478],[-122.479206211862,37.663869931062],[-122.479195210884,37.6638599303428],[-122.478965210704,37.6636579305392],[-122.4787252114,37.6634629305832],[-122.478476211077,37.663273930684],[-122.478319211259,37.6631609305694],[-122.477996210625,37.6629379309883],[-122.477679210732,37.662709930821],[-122.477365210425,37.6624779308293],[-122.476994211271,37.6621919309158],[-122.476801211024,37.6619869310787],[-122.476591210262,37.6617159307645],[-122.476378210139,37.6614229303025],[-122.476236210667,37.6612069311361],[-122.476142210401,37.6610579307855],[-122.476048210483,37.6609079306141],[-122.475861209965,37.6606099304718],[-122.475804210156,37.6605189303284],[-122.475644210825,37.6602299311017],[-122.475569210146,37.6600879303495],[-122.475396210111,37.6598029307243],[-122.474264209807,37.6580709301747],[-122.473960210052,37.6575749305368],[-122.473887209239,37.6574539307108],[-122.473631209193,37.6570149308276],[-122.472936209192,37.6558889305765],[-122.472859209284,37.6557639301952],[-122.472010209536,37.6543469300655],[-122.471688208577,37.6538019308564],[-122.471540208855,37.6535169304843],[-122.471351208644,37.6530409304769],[-122.471318208566,37.652918930772],[-122.471298208676,37.6528019302149],[-122.471277209247,37.6526259302437],[-122.471266208773,37.6523929307468],[-122.471278208576,37.6520979307026],[-122.471294208398,37.6519469301018],[-122.471322209111,37.6517969305169],[-122.471354209171,37.6516619299451],[-122.471534209013,37.6507989303924],[-122.471757208764,37.6497319304822],[-122.471877208884,37.6491449301801],[-122.471206208187,37.6480479299006],[-122.46919220725,37.6447579296693],[-122.468521207036,37.6436619297406],[-122.468044207229,37.6431489294523],[-122.466616206553,37.6416129299337],[-122.466140206918,37.6411009295228],[-122.465725206125,37.6406559302246],[-122.465225206111,37.6401209295358],[-122.465199206283,37.6400119300901],[-122.464562206682,37.6392719293521],[-122.464145206505,37.638795929957],[-122.46407320644,37.6388239298484],[-122.464001206564,37.638849929303],[-122.463786205866,37.6386299299591],[-122.463414205917,37.6382269298163],[-122.463023205473,37.6378209292973],[-122.462655205303,37.6374389300564],[-122.462363205911,37.6371809292782],[-122.46185220536,37.6367969295003],[-122.461370205205,37.6365099294077],[-122.460417205649,37.6359929300795],[-122.459872204881,37.6356949302365],[-122.459062204522,37.6352529296996],[-122.458070204291,37.6347019294276],[-122.457243204858,37.6342539296381],[-122.456652204833,37.6339149302304],[-122.456216204244,37.6336509299897],[-122.455889204022,37.6334559302764],[-122.455493203914,37.633186929643],[-122.455033204634,37.6328309297945],[-122.454626203846,37.6325089301886],[-122.454310204459,37.6322449297476],[-122.454177203875,37.6321309302257],[-122.454287203383,37.6320629296138],[-122.453929203709,37.6317819299742],[-122.453869204373,37.6318189298313],[-122.452897203931,37.6324349304188],[-122.450472203107,37.6339709306581],[-122.450411203906,37.633907930114],[-122.450230202994,37.6337209300635],[-122.450170203937,37.6336589302456],[-122.450032203998,37.6337399304146],[-122.449773203969,37.6339009304567],[-122.448751203461,37.6345419303919],[-122.448638203611,37.6345919306494],[-122.448577203873,37.6346089309285],[-122.448528203209,37.6346229300993],[-122.448413203849,37.6346399301628],[-122.448116202862,37.6346499303703],[-122.448117203355,37.634708930552],[-122.448120203682,37.6348859302195],[-122.448121203047,37.6349449304233],[-122.448120203317,37.6349809307407],[-122.448115202862,37.6350889303736],[-122.448114203127,37.6351249306905],[-122.448110203456,37.6352039308643],[-122.447691203772,37.6352119302712],[-122.447217203226,37.6352029308189],[-122.446137202769,37.6352289310562],[-122.44584020316,37.6352039310456],[-122.44544520283,37.6350889307344],[-122.445210203339,37.6349789304782],[-122.443934202179,37.6344949306969],[-122.440492202936,37.6363679311423],[-122.439980202475,37.6366389310701],[-122.439878201844,37.636692931323],[-122.439894202525,37.636723931445],[-122.439983202261,37.6368989312739],[-122.44019620286,37.6372749313358],[-122.440329202258,37.6374889316255],[-122.4406412026,37.6379109311837],[-122.440937202092,37.6382799312623],[-122.441391202805,37.6387799315803],[-122.441967202618,37.6394129317657],[-122.442046202614,37.6393389314314],[-122.44221320296,37.6391529312907],[-122.44232420313,37.6390379313116],[-122.442478203223,37.6389069317484],[-122.442600202993,37.6388429310342],[-122.442690203122,37.6387929314279],[-122.442703202754,37.6389099313184],[-122.442646203567,37.638994931539],[-122.442470203047,37.6391799310457],[-122.442132203405,37.6395329311742],[-122.442103202791,37.6395629315956],[-122.442453202815,37.6399499310122],[-122.443415203303,37.6409799310184],[-122.444072203058,37.6416279318423],[-122.444364203033,37.6418949316019],[-122.444534203108,37.6420369315067],[-122.444865203705,37.6422979316638],[-122.445265204124,37.6425879315193],[-122.4454082043,37.6426859314257],[-122.445708203908,37.642867931541],[-122.447205203886,37.6436659317066],[-122.447682204858,37.6439289315728],[-122.448560204512,37.6444139314303],[-122.448866204383,37.6446189309322],[-122.449021204557,37.6447359315562],[-122.449072204464,37.6447869311565],[-122.449253205091,37.6449639314051],[-122.449473204514,37.6451579317357],[-122.449424204534,37.6452019314042],[-122.449356204455,37.645263931291],[-122.449232204807,37.6453779316231],[-122.449199204807,37.6454089317286],[-122.449185205215,37.6454209309711],[-122.449137204279,37.6454639310103],[-122.449111204346,37.6454879317266],[-122.449101204972,37.6454979314419],[-122.449019204917,37.6455679314038],[-122.448922205237,37.6456419314813],[-122.448354204491,37.6459849318052],[-122.448086204965,37.6456799313586],[-122.447306204087,37.6447949316292],[-122.447280203887,37.6447699312262],[-122.447168204353,37.6446599311801],[-122.446977204162,37.6445029311182],[-122.446908203726,37.6444529315789],[-122.446780204613,37.6443819316443],[-122.44661720406,37.6442839312507],[-122.446534204485,37.6442359312412],[-122.445187203429,37.6434659311808],[-122.445011203578,37.643365931345],[-122.444748204202,37.643193931717],[-122.44472420341,37.643177931649],[-122.444214204292,37.6433999316287],[-122.443418203521,37.6437479319866],[-122.4432282034,37.6434789314199],[-122.44279620384,37.6436549318578],[-122.44150320313,37.6441849320044],[-122.441163203322,37.6443249318566],[-122.441124203253,37.6443289314671],[-122.441066203496,37.6443199317804],[-122.441028203608,37.6443029317513],[-122.440989203712,37.6442699320258],[-122.44095920346,37.644214931632],[-122.440741203188,37.6438059317626],[-122.440669202818,37.6436699315354],[-122.440610202981,37.6435559319187],[-122.44053720287,37.6434149317394],[-122.440120203473,37.6435549316615],[-122.43993720281,37.6432209317384],[-122.438479203187,37.6440149321943],[-122.437066202623,37.6447079326299],[-122.436806202528,37.6448479326396],[-122.436030203039,37.6452699326109],[-122.435771202204,37.6454109321632],[-122.435580202584,37.6455129323624],[-122.435011202626,37.645820932795],[-122.434821202897,37.6459239327095],[-122.434692202941,37.6459929322059],[-122.4345612025,37.6460639321618],[-122.434545202867,37.6460729324562],[-122.434349203154,37.646177932631],[-122.434305202975,37.6462019329018],[-122.434176202699,37.6462719324629],[-122.434114202283,37.64630493223],[-122.435265202453,37.6474119329386],[-122.435331203255,37.6474809321567],[-122.435529202559,37.6476889321041],[-122.435596202443,37.6477589321699],[-122.435931202589,37.6480999325313],[-122.43638920296,37.6489589323478],[-122.437434203028,37.6509159328623],[-122.437446203301,37.6509829324657],[-122.436568203006,37.6515759327013],[-122.437208204237,37.6523019327082],[-122.437205203409,37.6523489328596],[-122.43718820341,37.6524099329405],[-122.437158203942,37.6524649331501],[-122.43711920393,37.6525229323995],[-122.437073204098,37.6525649327213],[-122.437010203669,37.652614932686],[-122.436929203811,37.6526559328117],[-122.436823203281,37.6526889332729],[-122.436688203824,37.6527289332137],[-122.436528203687,37.6527769327016],[-122.436461203487,37.6527979333291],[-122.436430203273,37.6528019330109],[-122.436409203211,37.6528019324893],[-122.436385203898,37.6527919327161],[-122.436362203139,37.6527739327077],[-122.436311203793,37.6527629324968],[-122.436292204163,37.6528319332578],[-122.436239203742,37.6530299329335],[-122.436201203141,37.6531699330194],[-122.436174203792,37.6532699328384],[-122.43613220422,37.653427933106],[-122.436109203305,37.6535489331933],[-122.43609720423,37.6537019328805],[-122.436099203664,37.6538249334191],[-122.436112204222,37.6540089331074],[-122.436115204079,37.6540519326215],[-122.436169204198,37.6542519334141],[-122.435960203374,37.6542769329096],[-122.435850203224,37.6542969327645],[-122.435783203353,37.6543119327595],[-122.435705203921,37.6543309334051],[-122.435530203575,37.6543829326456],[-122.435361203858,37.6544479328761],[-122.43520020402,37.6545239335365],[-122.435047203956,37.6546109328603],[-122.434885203925,37.6547229331146],[-122.434747203254,37.6548359329361],[-122.434446203262,37.655083932968],[-122.434277204014,37.6552019328555],[-122.434246203972,37.6552209333685],[-122.434072203727,37.6553259329005],[-122.433859203255,37.6554379329893],[-122.433729204005,37.6555069333895],[-122.433690204098,37.6555269333994],[-122.4335732032,37.6555889337433],[-122.433535204123,37.6556099337682],[-122.433211203508,37.6557819336675],[-122.432514203771,37.656140933468],[-122.43238220295,37.6562279331847],[-122.432300203133,37.6562919334643],[-122.432286202883,37.6563049330708],[-122.431993203394,37.6565789333835],[-122.431858203037,37.6567059333608],[-122.430920203286,37.6574919334054],[-122.430854203317,37.6576649338823],[-122.43081620294,37.6577629341357],[-122.430771203442,37.6578809336188],[-122.430706203681,37.6580589339339],[-122.430671203922,37.6581589338082],[-122.430637203305,37.6582529338592],[-122.430537203325,37.6585379338549],[-122.430504203283,37.6586329339565],[-122.430470203378,37.658726933934],[-122.430369203517,37.6590089341748],[-122.430336203056,37.6591039342271],[-122.430300203668,37.6592029338473],[-122.430194203996,37.6594989336819],[-122.430159204049,37.659598934273],[-122.430123203604,37.6596989335822],[-122.430017203058,37.6599999337069],[-122.429982203189,37.6601009339653],[-122.429948203101,37.6601949337622],[-122.42984620349,37.6604769339678],[-122.429813203992,37.6605719338205],[-122.429778203647,37.6606689341805],[-122.429673203125,37.6609619337409],[-122.429639203352,37.6610599341557],[-122.429502203236,37.6614359341977],[-122.429455203062,37.6615349337826],[-122.428946204121,37.6630679346994],[-122.428896204196,37.6632379345829],[-122.428258203313,37.6649079348383],[-122.428231203475,37.6650859341431],[-122.428047203896,37.6655589343188],[-122.427538204403,37.6669869351219],[-122.427462203472,37.6671999347734],[-122.426968203558,37.6670719351094],[-122.426932203924,37.6670629345267],[-122.426845204133,37.6670439346766],[-122.426642203424,37.6670139351682],[-122.426464203424,37.6670049345795],[-122.426315203567,37.6670079343949],[-122.426145203428,37.667024935072],[-122.426034204286,37.667039934456],[-122.425914203983,37.667069934989],[-122.425800203726,37.6671129344188],[-122.425694203463,37.6671669350352],[-122.425589203704,37.6672419348316],[-122.42552220402,37.667304934812],[-122.425436204188,37.6673879348992],[-122.425156204087,37.6676589348671],[-122.425660203493,37.6681539350871],[-122.426314204423,37.6687519345043],[-122.424591204267,37.67098193504],[-122.423982204111,37.6719059351509],[-122.423833204123,37.6721329353282],[-122.421948203515,37.6716719350704],[-122.420875203276,37.6717759357991],[-122.419963202857,37.6717029357347],[-122.419544202936,37.6728009356651],[-122.418862203446,37.6733309360262],[-122.418432203406,37.6730449361079],[-122.418333203521,37.6730759358847],[-122.418271203211,37.6732409360776],[-122.41776120284,37.6731369359544],[-122.417490202872,37.6730069362344],[-122.416939203108,37.6731479362402],[-122.416094203017,37.6727779362699],[-122.415061203079,37.6729329364189],[-122.415109203032,37.6722639362742],[-122.415142203026,37.6717999358326],[-122.413662202249,37.6714049356974],[-122.413651202754,37.6714399357561],[-122.413469202282,37.6720049358025],[-122.413199202907,37.6719079361255],[-122.412676201765,37.6716869360606],[-122.412695201995,37.6716469362737],[-122.412937202333,37.6711359363993],[-122.412947202778,37.6711149356603],[-122.413178202566,37.6706189361611],[-122.412848201929,37.6698619361587],[-122.411998201692,37.6696999364277],[-122.411659202334,37.6689969364049],[-122.411131201651,37.669172936293],[-122.410622201461,37.6693429358804],[-122.410492202153,37.6703639359974],[-122.410048201807,37.6706569367135],[-122.409620202141,37.670476935848],[-122.408487201696,37.6700169363055],[-122.407809201384,37.66923493632],[-122.407798201233,37.6682729362675],[-122.407945201614,37.6676119364603],[-122.407588200776,37.667247936433],[-122.407355200798,37.6671889365466],[-122.406707200817,37.6670239360741],[-122.406356200998,37.6675629366335],[-122.406154201332,37.6678739367092],[-122.405483200238,37.6680459364667],[-122.407680201145,37.6719029367597],[-122.407725201519,37.6718449368588],[-122.407750201639,37.6722329368631],[-122.40792220212,37.6748179365489],[-122.407771201756,37.6747779370694],[-122.407617201465,37.6747529369838],[-122.407601201385,37.6747519371122],[-122.407459201748,37.6747429365959],[-122.407193202161,37.6747509365056],[-122.407063201837,37.6747439364879],[-122.406913201224,37.674720937266],[-122.406787202056,37.6746909365321],[-122.406583201764,37.6746239365876],[-122.406290201966,37.674549936787],[-122.405993202058,37.6744919367594],[-122.405613202007,37.6744379365128],[-122.405079201489,37.6743729369153],[-122.404916201692,37.6743539371972],[-122.404758201431,37.6743199371586],[-122.404629201191,37.6742799369601],[-122.404484201411,37.6742189373148],[-122.404351201086,37.6741449365614],[-122.404283201283,37.6740969368927],[-122.404228201502,37.6740579371146],[-122.404126201257,37.6739929369374],[-122.403998200865,37.6739289369654],[-122.40383020082,37.6738609372372],[-122.403753201456,37.6738139369677],[-122.403485200838,37.6735659365877],[-122.403385200995,37.6734739372194],[-122.403316201477,37.6734239369606],[-122.403215200698,37.6733679368839],[-122.403091201423,37.6733179372407],[-122.40295720139,37.6732849366173],[-122.402834200486,37.6732689370172],[-122.402680200864,37.6732689372878],[-122.402558200995,37.673284937305],[-122.402207200399,37.6733469375232],[-122.401781201037,37.6733969366965],[-122.40124520112,37.6734669367036],[-122.400804200938,37.6735129376193],[-122.400683200224,37.6735319373276],[-122.400324200408,37.6735919373669],[-122.400254200859,37.6736179372193],[-122.400218200501,37.6736449376026],[-122.400012200986,37.6739019368893],[-122.399920200907,37.6740259369774],[-122.399790200086,37.6742009374542],[-122.39967120095,37.6743139375469],[-122.399654200862,37.6743299375934],[-122.399568200904,37.674379937308],[-122.399473200764,37.6744169374894],[-122.399371200261,37.6744399369775],[-122.399256200732,37.6744489372802],[-122.399129200044,37.6744409371737],[-122.39898520109,37.6744149372211],[-122.398862200589,37.6743759371542],[-122.398764200604,37.674338937241],[-122.398632200094,37.6743009371569],[-122.398383200165,37.6742279373402],[-122.398151200877,37.6741459370467],[-122.39805719994,37.6741319373398],[-122.397964200243,37.6741319370224],[-122.397909200541,37.674146937496],[-122.397856200657,37.6741789372606],[-122.397819200303,37.6742279373713],[-122.397793200501,37.6742879371114],[-122.397752200258,37.6743469372213],[-122.397686200093,37.6744079375014],[-122.397643200518,37.6744369373325],[-122.397468200399,37.6745539378863],[-122.397251200431,37.6746529371042],[-122.397142199974,37.674687937547],[-122.397044200579,37.6747099379197],[-122.396908199935,37.6747269379016],[-122.39678720004,37.6747279376678],[-122.396601199822,37.6747229372555],[-122.396589199991,37.6755819374972],[-122.397327200846,37.6755769379196],[-122.399916200896,37.6755679370167],[-122.401210201537,37.6755659374873],[-122.403124201513,37.6755629373688],[-122.405898201921,37.6755559370274],[-122.408002201456,37.6755439365561],[-122.408009202645,37.6762369373008],[-122.408012202619,37.67742593689],[-122.408018202654,37.6785689371884],[-122.408028202802,37.6802499373316],[-122.40806220275,37.6802589371323],[-122.408069202947,37.6815469377199],[-122.408067203133,37.6822369375462],[-122.408126202468,37.682263937673],[-122.408126203201,37.6823139374673],[-122.408069202952,37.6823259377182],[-122.408071203201,37.6827479375883],[-122.408076203246,37.6835529377598],[-122.408088202632,37.6846379371912],[-122.408088203251,37.6848079374031],[-122.408411202727,37.6848079376046],[-122.409553203351,37.6848099372659],[-122.409553203461,37.6854189371386],[-122.409553203037,37.6860179379368],[-122.409805203514,37.6859049374048],[-122.410109202997,37.6857509376648],[-122.410509203511,37.6855189374996],[-122.410773203217,37.6854309373489],[-122.41088220365,37.6853939378431],[-122.411112203777,37.6853769376127],[-122.411375203527,37.6854279371977],[-122.411455203259,37.6854479373587],[-122.411762203607,37.6855239378224],[-122.412116203608,37.6856109372593],[-122.41227220421,37.6855079374128],[-122.41240920392,37.6854589376851],[-122.412649203704,37.6854369376122],[-122.412911204213,37.6854259376072],[-122.413200203614,37.6854369372049],[-122.41351220378,37.6855099375738],[-122.413957204362,37.6856609376176],[-122.414050204472,37.6856889370546],[-122.413889204398,37.6859809373385],[-122.414189203868,37.6860909376664],[-122.414447204097,37.6861429376088],[-122.415131204803,37.6862149370655],[-122.416062204054,37.6863679373137],[-122.416253204212,37.686419937411],[-122.416507204847,37.6865489370139],[-122.416788205074,37.6867639369847],[-122.417089204905,37.6870129370121],[-122.417529205054,37.6873919370913],[-122.417722205236,37.6875669366972],[-122.418019204649,37.687788937177],[-122.418389204608,37.688006937464],[-122.418707204543,37.6881519367744],[-122.419010204689,37.688290936887],[-122.419189204867,37.6883859375088],[-122.419344204795,37.6885059367452],[-122.41943520525,37.6886039373619],[-122.419531204769,37.6887229373178],[-122.419614205498,37.6888619372794],[-122.41977420519,37.6891199369597],[-122.419899205761,37.6892729375428],[-122.420063205112,37.6894059375456],[-122.420250205689,37.6895209367995],[-122.420431205084,37.6895999373386],[-122.420675205468,37.6896669369469],[-122.420933205605,37.6897339371726],[-122.421272206005,37.6898359368813],[-122.421626205192,37.6899839373027],[-122.421962206096,37.6901709368136],[-122.422201205521,37.6903399368217],[-122.422416205943,37.6905169368396],[-122.422624205554,37.6907389373846],[-122.422842205652,37.6909449373939],[-122.423095205622,37.6911529368279],[-122.423324206591,37.6913199370405],[-122.423604206644,37.6914919373793],[-122.424045206001,37.6917229370302],[-122.424781206378,37.6921129374058],[-122.425144206199,37.6923059365992],[-122.425421207079,37.6924499372826],[-122.425560206537,37.6925069371705],[-122.425818206656,37.6925859365038],[-122.426155206368,37.6926929367755],[-122.426317206677,37.6927669372969],[-122.426411206706,37.6928399372807],[-122.426453206542,37.6929229370228],[-122.426501206752,37.6930059365564],[-122.426506207212,37.6931639365595],[-122.426487206969,37.6932359371028],[-122.426052206589,37.6941479374848],[-122.426578206438,37.6943059370116],[-122.426176207386,37.6951559366923],[-122.424714206957,37.6948599370709],[-122.424744207257,37.6957279370394],[-122.424662206753,37.6957449373321],[-122.424491207142,37.6957919374525],[-122.424325206595,37.6958499374587],[-122.424167206925,37.6959199374801],[-122.424046206471,37.695982937481],[-122.423969206326,37.6960309374018],[-122.423876206858,37.6960899371208],[-122.423720207076,37.696210937126],[-122.423582207276,37.6963439371646],[-122.423500206793,37.6964379374131],[-122.423361206925,37.6966229370673],[-122.422041206186,37.6983869378516],[-122.421915206259,37.6985369375946],[-122.421795206616,37.6986539380907],[-122.421677207147,37.698752937956],[-122.421569207116,37.6988289377612],[-122.421395207117,37.6989319374047],[-122.421209206525,37.6990199379918],[-122.421058206581,37.699075938058],[-122.421066206571,37.699090937715],[-122.421090207046,37.6991369382014],[-122.421099207242,37.6991529380464],[-122.421015206658,37.6991919378464],[-122.42084120656,37.6992459382489],[-122.420737207208,37.6992689382107],[-122.420658206222,37.6992869377041],[-122.420357206604,37.6993279379539],[-122.420049206403,37.6993159377258],[-122.419806206354,37.6992829382879],[-122.419604206997,37.6992429382541],[-122.419588206312,37.699239937734],[-122.419236206233,37.6991479379185],[-122.418193205868,37.6988579380402],[-122.415067205564,37.6979889382731],[-122.41493920578,37.6979539384572],[-122.414733205968,37.6979139381662],[-122.414518205587,37.6978809381445],[-122.414231205254,37.6978439381314],[-122.414000205008,37.6978239378728],[-122.413889205437,37.6978139381302],[-122.413430205051,37.6978359384984],[-122.413824205594,37.6980129386965],[-122.413741205154,37.6982039382369],[-122.413684205205,37.6983439383458],[-122.413546205492,37.6986719387636],[-122.412631205053,37.6984799380428],[-122.412566205243,37.6986279382908],[-122.412411205605,37.6989699387278],[-122.412327204864,37.6991629388042],[-122.412302204923,37.6992569383066],[-122.412240205951,37.6993749382556],[-122.411995205253,37.6999119387101],[-122.41140320597,37.7012459386212],[-122.41139620545,37.7012649385957],[-122.41138820597,37.7012829382756],[-122.411375205334,37.7013119385273],[-122.411351205534,37.7013689385654],[-122.411412205099,37.7013859385],[-122.411819205539,37.7015029384931],[-122.411876206002,37.7015409383506],[-122.411916205364,37.7015669385634],[-122.412006205779,37.7015879384282],[-122.412069205701,37.7016099386421],[-122.412135205642,37.7016339389986],[-122.412214206146,37.7016579382344],[-122.412453205662,37.7017309382777],[-122.412501205712,37.7017459384053],[-122.411863205898,37.7031929386255],[-122.411780206185,37.7033839392218],[-122.411453206372,37.7041249391894],[-122.411243206055,37.7045819390334],[-122.410731206169,37.7056959387124],[-122.410498206282,37.7056309388716],[-122.4103202054,37.7055809390501],[-122.410068205442,37.7055099393457],[-122.409312205651,37.705298939254],[-122.409061205494,37.7052289395613],[-122.408643204986,37.7051119389114],[-122.407389204814,37.7047609391279],[-122.406971205178,37.7046439390229],[-122.406945205366,37.7046349388845],[-122.406869205254,37.7046109396952],[-122.406844205514,37.7046029389444],[-122.406787204954,37.7047289392321],[-122.406618205399,37.7051079389623],[-122.406562205293,37.7052349394275],[-122.406310205045,37.7058409397261],[-122.405554205653,37.7076619395782],[-122.405305205596,37.7082669394228],[-122.405292205749,37.7082699397922],[-122.405239205072,37.7082759396373],[-122.404764204792,37.7083279397241],[-122.404695205471,37.7083359398749],[-122.403295204851,37.7083359396782],[-122.40299520495,37.7083359396866],[-122.402695205078,37.7083359398425],[-122.402395205235,37.7083359401458],[-122.401995204941,37.7082359397811],[-122.401778204404,37.7082789400083],[-122.401604204425,37.7083139403754],[-122.401495204685,37.7083359401649],[-122.401340204904,37.7083359402387],[-122.401320205297,37.7083359401683],[-122.400995204342,37.7083359400521],[-122.400295204665,37.7083359401489],[-122.396194203961,37.7083359406812],[-122.39579520433,37.7083359402691],[-122.39529020371,37.7083419400606],[-122.39512020411,37.7083439401634],[-122.394983203432,37.7083329402181],[-122.394847203817,37.7083219407827],[-122.394612203741,37.7083079404447],[-122.394248203627,37.7082859408441],[-122.393648204148,37.7082489401869],[-122.393333203717,37.7082779406381],[-122.393239203494,37.7082869406994],[-122.392695203257,37.708335940589],[-122.388989203425,37.7083359406696],[-122.387495202255,37.7083359411322],[-122.381094201751,37.7084359414904],[-122.379502201302,37.7084189419806],[-122.379414201888,37.7084109417342],[-122.376076201103,37.7083689418699],[-122.375637200718,37.7083779423438],[-122.371694200208,37.708335942196],[-122.360394198554,37.70833594333],[-122.294593189273,37.708234948156],[-122.281793187237,37.7082349484648],[-122.280893187019,37.7072349485739],[-122.278533185661,37.7043939488491],[-122.26887718316,37.6927679479932],[-122.265659181703,37.6888929479917],[-122.26470818235,37.687748948093],[-122.262925181171,37.685600948163],[-122.254725179388,37.6757269476511],[-122.251992178172,37.6724359481374],[-122.251239178457,37.6714849480514],[-122.250932177642,37.6710959477655],[-122.247752177569,37.6670759478538],[-122.246692177266,37.6657359473953],[-122.243372176222,37.6616979476091],[-122.233415172985,37.6495839471049],[-122.230096172038,37.6455469475029],[-122.228185171826,37.6432219474415],[-122.222454169971,37.6362489468083],[-122.220544169527,37.6339249470625],[-122.220265169608,37.6335859470304],[-122.21942916913,37.6325689472047],[-122.21915116908,37.6322309465433],[-122.219058168893,37.6321179467846],[-122.218730168845,37.6317189468996],[-122.217054168109,37.6296799469169],[-122.216673168238,37.6292159464414],[-122.210763166607,37.6220269462884],[-122.208667165988,37.619475946198],[-122.206522164566,37.6168669464435],[-122.200089163237,37.6090399463785],[-122.19794516316,37.6064319465358],[-122.197666162218,37.6060929463178],[-122.196832161712,37.6050769458611],[-122.196722162555,37.6049439462738],[-122.196541162112,37.6047229462792],[-122.196433162548,37.6045919459412],[-122.196080161908,37.6041629462726],[-122.195435161339,37.603377946323],[-122.194847162206,37.6026629463345],[-122.19443716195,37.602163946007],[-122.192921160611,37.6003199458443],[-122.188374159349,37.5947889464357],[-122.186859159406,37.592945945901],[-122.186825159182,37.5929039464062],[-122.186723159005,37.5927799463108],[-122.186689159619,37.5927389455406],[-122.185354158623,37.5910879462916],[-122.181350157558,37.5861349456616],[-122.180016157877,37.5844849461923],[-122.177470156846,37.5813359453139],[-122.174481155823,37.5776389454308],[-122.169834154589,37.5718889451995],[-122.167289154249,37.5687399451618],[-122.165048152786,37.5659199452255],[-122.158328151394,37.5574599450941],[-122.156088150961,37.5546399453668],[-122.154962149591,37.5532039452635],[-122.151587149603,37.548898944771],[-122.150462149126,37.5474639446568],[-122.150207149133,37.5471389446107],[-122.149442148876,37.5461639449845],[-122.149188148806,37.5458399443504]]]},"properties":{"district":13,"last_name":"Becker","first_name":"Josh","party":"Democrat"}}]}